alias_ko,name_en,type,note
알리아니꼬,Aglianico,grape,
알바리뉴,Albarino,grape,
알리칸테 부쉐,Alicante Bouschet,grape,
알리고떼,Aligoté,grape,
아씨르띠꼬,Assyrtiko,grape,
렘버거,Blaufränkisch,grape,
블라우프랜키시,Blaufränkisch,grape,
까프,Cabernet Franc,grape,
카프,Cabernet Franc,grape,
까베르네,Cabernet Sauvignon,grape,
까쇼,Cabernet Sauvignon,grape,
카베르네,Cabernet Sauvignon,grape,
카쇼,Cabernet Sauvignon,grape,
칸논나우,Cannonau,grape,
마주엘로,Carignan,grape,
까르메네르,Carmenere,grape,
카르메넬,Carmenere,grape,
카르미네르,Carmenere,grape,
카스텔라오,Castelao,grape,
까따라또,Catarratto,grape,
카타우바,Catawba,grape,
샤도네,Chardonnay,grape,
샤도네이,Chardonnay,grape,
슈낭 블랑,Chenin blanc,grape,
신소,Cinsaut,grape,
쌩소,Cinsaut,grape,
끌레레뜨,Clairette,grape,
콜롬바드,Colombard,grape,
꼬르테제,Cortese,grape,
꼬르비나,Corvina,grape,
돌체또,Dolcetto,grape,
마리아 고메스,Fernao Pires,grape,
가리오포,Gaglioppo,grape,
가메이,Gamay,grape,
갸메,Gamay,grape,
게부르츠트라미너,Gewurztraminer,grape,
프로세코,Glera,grape,
그레코 디 투포,Greco,grape,
가르나차,Grenache,grape,
가르나챠,Grenache,grape,
그르나쉬,Grenache,grape,
그루너 벨트리너,Grüner Veltliner,grape,
비우라,Macabeo,grape,
꼬뜨,Malbec,grape,
말백,Malbec,grape,
말베크,Malbec,grape,
마르싼느,Marsanne,grape,
뮈스카데,Melon de Bourgogne,grape,
멀롯,Merlot,grape,
메를롯,Merlot,grape,
멜로,Merlot,grape,
멜롯,Merlot,grape,
몬떼뿔치아노,Montepulciano,grape,
몬테풀차노,Montepulciano,grape,
다부루쪼,Montepulciano d'Abruzzo,grape,
다부루초,Montepulciano d'Abruzzo,grape,
다부르쪼,Montepulciano d'Abruzzo,grape,
다부르쬬,Montepulciano d'Abruzzo,grape,
다부르초,Montepulciano d'Abruzzo,grape,
다부르쵸,Montepulciano d'Abruzzo,grape,
다브루쪼,Montepulciano d'Abruzzo,grape,
다브루쬬,Montepulciano d'Abruzzo,grape,
다브루쵸,Montepulciano d'Abruzzo,grape,
디아부르초,Montepulciano d'Abruzzo,grape,
디아부르쵸,Montepulciano d'Abruzzo,grape,
몬테풀차노 다부르쪼,Montepulciano d'Abruzzo,grape,
몬테풀치아노 다부르쪼,Montepulciano d'Abruzzo,grape,
몬테풀치아노 다부르초,Montepulciano d'Abruzzo,grape,
몬테풀치아노 다브루쪼,Montepulciano d'Abruzzo,grape,
머스캣,Moscato,grape,
뮈스까,Moscato,grape,
모스카토 아스티,Moscato d'Asti,grape,
무스카토 다스티,Moscato d'Asti,grape,
무스카토 아스티,Moscato d'Asti,grape,
마타로,Mourvedre,grape,
모나스트렐,Mourvedre,grape,
뮬러 투르가우,Müller-Thurgau,grape,
네비올라,Nebbiolo,grape,
네비욜로,Nebbiolo,grape,
네로다볼라,Nero d'Avola,grape,
파렐라다,Parellada,grape,
피엑스,Pedro Ximénez,grape,
프티 망상,Petit Manseng,grape,
쁘띠 베르도,Petit Verdot,grape,
피크풀,Picpoul,grape,
피노 그리지오,Pinot gris,grape,
삐노 누아,Pinot noir,grape,
슈페트부르군더,Pinot noir,grape,
피노,Pinot noir,grape,
피노 누아르,Pinot noir,grape,
피노누아,Pinot noir,grape,
피노타쥬,Pinotage,grape,
리볼라 좔라,Ribolla Gialla,grape,
리스링,Riesling,grape,
리즐링,Riesling,grape,
루싼느,Roussanne,grape,
싸그란띠노,Sagrantino,grape,
산조베제,Sangiovese,grape,
산죠베제,Sangiovese,grape,
산지오베세,Sangiovese,grape,
상지오베제,Sangiovese,grape,
소비뇽블랑,Sauvignon blanc,grape,
쇼비뇽 블랑,Sauvignon blanc,grape,
세미뇽,Semillon,grape,
세밀론,Semillon,grape,
쎄미용,Semillon,grape,
실바네르,Silvaner,grape,
수장,Sousao,grape,
생 로랑,St. Laurent,grape,
쉬라,Syrah,grape,
쉬라즈,Syrah,grape,
시라즈,Syrah,grape,
타낫,Tannat,grape,
뗌쁘라니요,Tempranillo,grape,
템프라니오,Tempranillo,grape,
틴토 피호,Tempranillo,grape,
띤따 바로까,Tinta Barroca,grape,
아라고네즈,Tinta Roriz,grape,
또론떼스,Torrontés,grape,
뚜리가 프랑카,Touriga Franca,grape,
뚜리가 나씨오날,Touriga Nacional,grape,
우니 블랑,Trebbiano,grape,
베르데초,Verdejo,grape,
베르디끼오,Verdicchio,grape,
베르딕키오,Verdicchio,grape,
롤,Vermentino,grape,
비달,Vidal Blanc,grape,
비오녜,Viognier,grape,
비오니에르,Viognier,grape,
피노 블랑,Weissburgunder,grape,
웰쉬리슬링,Welschriesling,grape,
차렐로,Xarel-lo,grape,
지비뽀,Zibibbo,grape,
쁘리미티보,Zinfandel,grape,
프리미티보,Zinfandel,grape,
십팔육오,1865,producer,
일팔육오,1865,producer,
십구 크라임스,19 Crimes,producer,
아샤발 페레,Achaval-Ferrer,producer,
알테 에고,Alter Ego de Palmer,producer,
알테 에고 드 팔머,Alter Ego de Palmer,producer,
안띠노리,Antinori,producer,
베어푸트,Barefoot,producer,
마스카렐로 바롤로 바르톨로,Bartolo Mascarello,producer,
블루넌,Blue Nun,producer,
보데가스 아스타로아,Bodegas Aalto,producer,
무가,Bodegas Muga,producer,
보켄하우츠클루프,Boekenhoutskloof,producer,
볼랑저,Bollinger,producer,
보떼가,Bottega,producer,
브랑콧,Brancott Estate,producer,
깜뽀 비에호,Campo Viejo,producer,
까시제로 델 디아블로,Casillero del Diablo,producer,
디아블로,Casillero del Diablo,producer,
카시제로,Casillero del Diablo,producer,
까테나 사파타,Catena Zapata,producer,
카이머스,Caymus Vineyards,producer,
케이무스,Caymus Vineyards,producer,
체끼,Cecchi,producer,
샤푸띠에,Chapoutier,producer,
샤토 안젤루스,Chateau Angelus,producer,
안젤루스,Chateau Angelus,producer,
알젤루스,Chateau Angelus,producer,
보세주르 베꼬,Chateau Beau-Sejour Becot,producer,
보세쥬르베꼬,Chateau Beau-Sejour Becot,producer,
샤또 베이슈벨,Chateau Beychevelle,producer,
브라네르 뒤크뤼,Chateau Branaire-Ducru,producer,
샤토 브랑 카스테나크,Chateau Brane-Cantenac,producer,
샤토 캘롱 세귀르,Chateau Calon-Segur,producer,
깡뜨메를르,Chateau Cantemerle,producer,
샤토 칸텔루프,Chateau Cantemerle,producer,
깡뜨냑 브라운,Chateau Cantenac-Brown,producer,
샤토 칸테나크 브라운,Chateau Cantenac-Brown,producer,
샤스스플린,Chateau Chasse-Spleen,producer,
샤쓰 스플린,Chateau Chasse-Spleen,producer,
샤또 슈발 블랑,Chateau Cheval Blanc,producer,
끌레르미용,Chateau Clerc-Milon,producer,
클레르 미용,Chateau Clerc-Milon,producer,
샤토 듀크뤼 보카유,Chateau Ducru-Beaucaillou,producer,
뒤포르비벙,Chateau Durfort-Vivens,producer,
샤토 두르포르 비방,Chateau Durfort-Vivens,producer,
샤토 피자크,Chateau Figeac,producer,
가쟁,Chateau Gazin,producer,
샤토 오 페라기,Chateau Haut-Bages-Liberal,producer,
오바이,Chateau Haut-Bailly,producer,
샤토 오 바타이예,Chateau Haut-Batailley,producer,
샤또 오브리옹,Chateau Haut-Brion,producer,
샤토 오 브리옹,Chateau Haut-Brion,producer,
오 마르뷔제,Chateau Haut-Marbuzet,producer,
오마부제,Chateau Haut-Marbuzet,producer,
에글리즈 클리네,Chateau L'Eglise-Clinet,producer,
랭끌로,Chateau L'Enclos,producer,
라플뢰르 뻬트뤼스,Chateau La Fleur-Petrus,producer,
샤토 라 가포리에르,Chateau La Gaffeliere,producer,
라 미숑 오브리옹,Chateau La Mission Haut-Brion,producer,
라미시옹,Chateau La Mission Haut-Brion,producer,
샤토 라 미숑 오브리옹,Chateau La Mission Haut-Brion,producer,
몽도뜨,Chateau La Mondotte,producer,
샤토 라파구스,Chateau Lafagotte,producer,
샤또 라피트,Chateau Lafite Rothschild,producer,
샤토 라퐁 로쉐,Chateau Lafon-Rochet,producer,
라그랑쥬,Chateau Lagrange,producer,
샤토 라굴라,Chateau Lagrange,producer,
랑고아 바르똥,Chateau Langoa-Barton,producer,
샤토 라구에,Chateau Langoa-Barton,producer,
라스꽁브,Chateau Lascombes,producer,
샤또 라뚜르,Chateau Latour,producer,
라뚜르아뽀므롤,Chateau Latour a Pomerol,producer,
르봉파스퇴르,Chateau Le Bon Pasteur,producer,
봉 파스퇴르,Chateau Le Bon Pasteur,producer,
르가이,Chateau Le Gay,producer,
샤토 르팽,Chateau Le Pin,producer,
떼르트르 로트뵈프,Chateau Le Tertre-Roteboeuf,producer,
샤토 레오빌 바통,Chateau Leoville Barton,producer,
샤토 레오빌 라 카스,Chateau Leoville Las Cases,producer,
린취바쥐,Chateau Lynch-Bages,producer,
린치바쥐,Chateau Lynch-Bages,producer,
샤또 랭쉬 바쥬,Chateau Lynch-Bages,producer,
샤또 린취바쥐,Chateau Lynch-Bages,producer,
샤토 린슈 바슈,Chateau Lynch-Bages,producer,
말레스꼬,Chateau Malescot Saint-Exupery,producer,
샤또 마고,Chateau Margaux,producer,
샤또 무통 로쉴드,Chateau Mouton Rothschild,producer,
샤또 무통 로췰드,Chateau Mouton Rothschild,producer,
네냉,Chateau Nenin,producer,
빨메,Chateau Palmer,producer,
샤또 빨메,Chateau Palmer,producer,
샤또 팔머,Chateau Palmer,producer,
빠비매깽,Chateau Pavie-Macquin,producer,
파비 마캉,Chateau Pavie-Macquin,producer,
샤토 뼤이르 라보리,Chateau Pedesclaux,producer,
샤토 피숑 롱그빌 콩테스 드 라랑드,Chateau Pichon Longueville Comtesse de Lalande,producer,
피숑 라랑드,Chateau Pichon Longueville Comtesse de Lalande,producer,
피숑 콩테스,Chateau Pichon Longueville Comtesse de Lalande,producer,
히뽀,Chateau Pichon Longueville Comtesse de Lalande,producer,
샤토 피숑 롱그빌 바통,Chateau Pichon-Longueville Baron,producer,
피숑 바롱,Chateau Pichon-Longueville Baron,producer,
뽕떼까네,Chateau Pontet-Canet,producer,
포탕싹,Chateau Potensac,producer,
뿌조,Chateau Poujeaux,producer,
프리외레 리쉰,Chateau Prieure-Lichine,producer,
셰르뱅 라야스,Chateau Rayas,producer,
생 삐에르,Chateau Saint-Pierre,producer,
쌩삐에르,Chateau Saint-Pierre,producer,
시랑,Chateau Siran,producer,
스미스 오 라피트 블랑,Chateau Smith Haut Lafitte Blanc,producer,
샤토 소시아비 말레,Chateau Sociando-Mallet,producer,
소시안도 말레,Chateau Sociando-Mallet,producer,
수따르,Chateau Soutard,producer,
샤또 딸보,Chateau Talbot,producer,
뚜르뒤오물랭,Chateau Tour du Haut-Moulin,producer,
발랑드로,Chateau Valandraud,producer,
다르마이악,Chateau d'Armailhac,producer,
샤토 다자크,Chateau d'Arsac,producer,
디샹,Chateau d'Issan,producer,
샤또 뒤썅,Chateau d'Issan,producer,
샤토 디샹,Chateau d'Issan,producer,
샤토 디스상,Chateau d'Issan,producer,
샤또 디껨,Chateau d'Yquem,producer,
샤또 디켐,Chateau d'Yquem,producer,
보카스텔,Chateau de Beaucastel,producer,
친짜노,Cinzano,producer,
클로 모가돌,Clos Mogador,producer,
클라우디베이,Cloudy Bay,producer,
코앙포,Col d'Orcia,producer,
콘차이토로,Concha y Toro,producer,
꼬노수르,Cono Sur,producer,
코노수르,Cono Sur,producer,
돔 페리뇽,Dom Perignon,producer,
돔페리뇽,Dom Perignon,producer,
도멘 앙투안 요바르,Domaine Antoine Jobard,producer,
도멘 본 두 마르트레이,Domaine Bonneau du Martray,producer,
꼬슈 뒤리,Domaine Coche-Dury,producer,
도멘 코슈 두리,Domaine Coche-Dury,producer,
도멘 드라가시,Domaine Dujac,producer,
도멘 폰텐 간타르,Domaine Fontaine-Gagnard,producer,
도멘 조르주 후미에,Domaine Georges Roumier,producer,
조르쥬 루미에,Domaine Georges Roumier,producer,
도멘 앙리 보요,Domaine Henri Boillot,producer,
도멘느 르플레브,Domaine Leflaive,producer,
도멘 르루아,Domaine Leroy,producer,
도멘 루시앙 느샤를로,Domaine Lucien Le Moine,producer,
샬로팽 파랑,Domaine Philippe Charlopin-Parizot,producer,
도멘 라몽네,Domaine Ramonet,producer,
도멘 앙글로 세르동,Domaine Renardat-Fache,producer,
도멘드슈발리에,Domaine de Chevalier,producer,
도멘 몽티유,Domaine de Montille,producer,
도멘 드 라 로마네 꽁띠,Domaine de la Romanee-Conti,producer,
로마네 꽁띠,Domaine de la Romanee-Conti,producer,
삥구스,Dominio de Pingus,producer,
닥터 누스,Dr. Loosen,producer,
이기갈,E. Guigal,producer,
에곤 뮬러,Egon Muller,producer,
파니엔테,Far Niente,producer,
폰따나프레다,Fontanafredda,producer,
폰타나 프레다,Fontanafredda,producer,
가이아,Gaja,producer,
가또 네그로,Gato Negro,producer,
지아코모 콘테르노,Giacomo Conterno,producer,
하를란 에스테이트,Harlan Estate,producer,
헨쉬키,Henschke,producer,
일 포기오네,Il Poggione,producer,
자크 세로스,Jacques Selosse,producer,
커클랜드,Kirkland Signature,producer,
크루그,Krug,producer,
크룩,Krug,producer,
라 마르까,La Marca,producer,
라 비에이유 페름,La Vieille Ferme,producer,
라비에유페름,La Vieille Ferme,producer,
레 마키오레,Le Macchiole,producer,
마치아티 델라 세라,Le Macchiole,producer,
레 포르 드 라뚜르,Les Forts de Latour,producer,
린데만,Lindeman's,producer,
도멘 루이 잘로,Louis Jadot,producer,
루이 로더레,Louis Roederer,producer,
루체 데니 그라치에,Luce della Vite,producer,
마르께스 데 까세레스,Marques de Caceres,producer,
마르띠니,Martini,producer,
푸시에르 아마로네,Masi,producer,
미셸 가시에 코스티에르 드 니름,Michel Gassier,producer,
미오네또,Mionetto,producer,
모에 샹동,Moet et Chandon,producer,
모엣 에 샹동,Moet et Chandon,producer,
몬떼스 알파,Montes Alpha,producer,
무똥 까데,Mouton Cadet,producer,
무통까데,Mouton Cadet,producer,
오퍼스원,Opus One,producer,
오푸스 원,Opus One,producer,
오르넬라야,Ornellaia,producer,
오이스터베이,Oyster Bay,producer,
파비용 루즈,Pavillon Rouge du Chateau Margaux,producer,
펜폴드,Penfolds,producer,
펜폴즈 그란지,Penfolds Grange,producer,
뻬트뤼스,Petrus,producer,
샤토 페트뤼스,Petrus,producer,
페트루스,Petrus,producer,
삐치니,Piccini,producer,
삐오 체사레,Pio Cesare,producer,
프루노또,Prunotto,producer,
몬다비,Robert Mondavi,producer,
로얄 토카이,Royal Tokaji,producer,
루버트 & 로스쉴드,Rupert & Rothschild,producer,
산 쥬스토 아 렌텐나노,San Giusto a Rentennano,producer,
산타 마르게리따,Santa Margherita,producer,
사시까이아,Sassicaia,producer,
요한니스베르크,Schloss Johannisberg,producer,
스크리밍이글,Screaming Eagle,producer,
산토스 브뤼 카바,Segura Viudas,producer,
스탁스 립 와인 셀라,Stag's Leap Cellars,producer,
떼땅져,Taittinger,producer,
테누타 오르넬라이아,Tenuta dell'Ornellaia,producer,
테라노라 타우라시,Terredora,producer,
띠냐넬로,Tignanello,producer,
부솔라 아마로네,Tommaso Bussola,producer,
위겔 앤 필스,Trimbach,producer,
발레벨브,Vallebelbo,producer,
베가 시씰리아,Vega Sicilia,producer,
뵈브 끌리꼬,Veuve Clicquot,producer,
울프블라스,Wolf Blass,producer,
옐로우테일,Yellow Tail,producer,
옐로테일,Yellow Tail,producer,
쪼닌,Zonin,producer,
아부르쪼,Abruzzo,region,
아부르초,Abruzzo,region,
아브루쪼,Abruzzo,region,
아브루쬬,Abruzzo,region,
아마로네,Amarone della Valpolicella,region,
아마로네 데라 발폴리첼라,Amarone della Valpolicella,region,
바로싸 밸리,Barossa Valley,region,
브루넬로,Brunello di Montalcino,region,
브루넬로 디 몰탈치노,Brunello di Montalcino,region,
버건디,Burgundy,region,
샴볼 뮈지니,Chambolle-Musigny,region,
샹볼 뮤지니,Chambolle-Musigny,region,
샤사뉴 몽라쉐,Chassagne-Montrachet,region,
샤샤뉴 몽라쉐,Chassagne-Montrachet,region,
샤또네프 뒤 파프,Chateauneuf-du-Pape,region,
샤토네프 뒤 파프,Chateauneuf-du-Pape,region,
끼안티,Chianti,region,
끌로 드 부조,Clos de Vougeot,region,
꽁드리유,Condrieu,region,
꼬뜨 드 본,Cote de Beaune,region,
꼬뜨 드 뉘,Cote de Nuits,region,
꼬뜨 로티,Cote-Rotie,region,
에쉐조,Echezeaux,region,
제브레 샹베르탱,Gevrey-Chambertin,region,
쥬브레,Gevrey-Chambertin,region,
쥬브레 샹베르땡,Gevrey-Chambertin,region,
즈브레 샹베르탱,Gevrey-Chambertin,region,
에르미따쥬,Hermitage,region,
말보루,Marlborough,region,
멘도싸,Mendoza,region,
뫼르쏘,Meursault,region,
다부루쪼,Montepulciano d'Abruzzo,region,
다부루초,Montepulciano d'Abruzzo,region,
다부르쪼,Montepulciano d'Abruzzo,region,
다부르쬬,Montepulciano d'Abruzzo,region,
다부르초,Montepulciano d'Abruzzo,region,
다부르쵸,Montepulciano d'Abruzzo,region,
다브루쪼,Montepulciano d'Abruzzo,region,
다브루쬬,Montepulciano d'Abruzzo,region,
다브루쵸,Montepulciano d'Abruzzo,region,
디아부르초,Montepulciano d'Abruzzo,region,
디아부르쵸,Montepulciano d'Abruzzo,region,
몬테풀차노 다부르쪼,Montepulciano d'Abruzzo,region,
몬테풀치아노 다부르쪼,Montepulciano d'Abruzzo,region,
몬테풀치아노 다부르초,Montepulciano d'Abruzzo,region,
몬테풀치아노 다브루쪼,Montepulciano d'Abruzzo,region,
몽라쉐,Montrachet,region,
모스카토 아스티,Moscato d'Asti,region,
무스카토 다스티,Moscato d'Asti,region,
무스카토 아스티,Moscato d'Asti,region,
나파밸리,Napa Valley,region,
뉘 생 조르쥬,Nuits-Saint-Georges,region,
뽀이약,Pauillac,region,
빼싹 레오냥,Pessac-Leognan,region,
뽀므롤,Pomerol,region,
퓔리니 몽라쉐,Puligny-Montrachet,region,
퓰리니 몽라셰,Puligny-Montrachet,region,
리아스 바이사스,Rias Baixas,region,
생떼밀리옹,Saint-Emilion,region,
쌩테밀리옹,Saint-Emilion,region,
쌩테스테프,Saint-Estephe,region,
생 쥘리앙,Saint-Julien,region,
소테른느,Sauternes,region,
쏘떼른,Sauternes,region,
스텔렌보쉬,Stellenbosch,region,
토카이 아쑤,Tokaji Aszu,region,
토카이아수,Tokaji Aszu,region,
트레비아노 다부르쪼,Trebbiano d'Abruzzo,region,
트레비아노 다부르초,Trebbiano d'Abruzzo,region,
투스카니,Tuscany,region,
비뉴 베르데,Vinho Verde,region,
본느 로마네,Vosne-Romanee,region,
