국가,국가(원어),광역,광역(원어),지구,지구(원어),마을/AOC,마을/AOC(원어),생산자,생산자(원어)
프랑스,France,보르도,Bordeaux,메독,Medoc,포이약,Pauillac,샤토 바타이에,Chateau Batailley
프랑스,France,보르도,Bordeaux,메독,Medoc,포이약,Pauillac,샤토 클레르 밀롱,Chateau Clerc-Milon
프랑스,France,보르도,Bordeaux,메독,Medoc,포이약,Pauillac,샤토 뒤아르 밀롱,Chateau Duhart-Milon
프랑스,France,보르도,Bordeaux,메독,Medoc,포이약,Pauillac,샤토 그랑 퓌 뒤카스,Chateau Grand-Puy-Ducasse
프랑스,France,보르도,Bordeaux,메독,Medoc,포이약,Pauillac,샤토 그랑 퓌 라코스트,Chateau Grand-Puy-Lacoste
프랑스,France,보르도,Bordeaux,메독,Medoc,포이약,Pauillac,샤토 오 바주 리베랄,Chateau Haut-Bages-Liberal
프랑스,France,보르도,Bordeaux,메독,Medoc,포이약,Pauillac,샤토 오 바타이에,Chateau Haut-Batailley
프랑스,France,보르도,Bordeaux,메독,Medoc,포이약,Pauillac,샤토 라피트 로칠드,Chateau Lafite Rothschild
프랑스,France,보르도,Bordeaux,메독,Medoc,포이약,Pauillac,샤토 라투르,Chateau Latour
프랑스,France,보르도,Bordeaux,메독,Medoc,포이약,Pauillac,샤토 랭슈 바주,Chateau Lynch-Bages
프랑스,France,보르도,Bordeaux,메독,Medoc,포이약,Pauillac,샤토 무통 로칠드,Chateau Mouton Rothschild
프랑스,France,보르도,Bordeaux,메독,Medoc,포이약,Pauillac,샤토 피숑 라랑드,Chateau Pichon Lalande
프랑스,France,보르도,Bordeaux,메독,Medoc,포이약,Pauillac,샤토 피숑 롱그빌 콩테스 드 랄랑드,Chateau Pichon Longueville Comtesse de Lalande
프랑스,France,보르도,Bordeaux,메독,Medoc,포이약,Pauillac,샤토 피숑 롱그빌 바롱,Chateau Pichon-Longueville Baron
프랑스,France,보르도,Bordeaux,메독,Medoc,포이약,Pauillac,샤토 퐁테 카네,Chateau Pontet-Canet
프랑스,France,보르도,Bordeaux,메독,Medoc,포이약,Pauillac,샤토 다르마이악,Chateau d'Armailhac
프랑스,France,보르도,Bordeaux,메독,Medoc,포이약,Pauillac,레 포르 드 라투르,Les Forts de Latour
프랑스,France,보르도,Bordeaux,메독,Medoc,마고,Margaux,샤토 브란 캉트냑,Chateau Brane-Cantenac
프랑스,France,보르도,Bordeaux,메독,Medoc,마고,Margaux,샤토 캉트냑 브라운,Chateau Cantenac-Brown
프랑스,France,보르도,Bordeaux,메독,Medoc,마고,Margaux,샤토 도자크,Chateau Dauzac
프랑스,France,보르도,Bordeaux,메독,Medoc,마고,Margaux,샤토 뒤르포르 비방,Chateau Durfort-Vivens
프랑스,France,보르도,Bordeaux,메독,Medoc,마고,Margaux,샤토 지스쿠르,Chateau Giscours
프랑스,France,보르도,Bordeaux,메독,Medoc,마고,Margaux,샤토 키르완,Chateau Kirwan
프랑스,France,보르도,Bordeaux,메독,Medoc,마고,Margaux,샤토 라베고르스 제데,Chateau Labegorce-Zede
프랑스,France,보르도,Bordeaux,메독,Medoc,마고,Margaux,샤토 라스콩브,Chateau Lascombes
프랑스,France,보르도,Bordeaux,메독,Medoc,마고,Margaux,샤토 말레스코 생 텍쥐페리,Chateau Malescot Saint-Exupery
프랑스,France,보르도,Bordeaux,메독,Medoc,마고,Margaux,샤토 마고,Chateau Margaux
프랑스,France,보르도,Bordeaux,메독,Medoc,마고,Margaux,샤토 마르키 드 테름,Chateau Marquis-de-Terme
프랑스,France,보르도,Bordeaux,메독,Medoc,마고,Margaux,샤토 팔머,Chateau Palmer
프랑스,France,보르도,Bordeaux,메독,Medoc,마고,Margaux,샤토 프리외레 리신,Chateau Prieure-Lichine
프랑스,France,보르도,Bordeaux,메독,Medoc,마고,Margaux,샤토 로장 세글라,Chateau Rauzan-Segla
프랑스,France,보르도,Bordeaux,메독,Medoc,마고,Margaux,샤토 시랑,Chateau Siran
프랑스,France,보르도,Bordeaux,메독,Medoc,마고,Margaux,샤토 당글뤼데,Chateau d'Angludet
프랑스,France,보르도,Bordeaux,메독,Medoc,마고,Margaux,샤토 디상,Chateau d'Issan
프랑스,France,보르도,Bordeaux,메독,Medoc,마고,Margaux,샤토 뒤 테르트르,Chateau du Tertre
프랑스,France,보르도,Bordeaux,메독,Medoc,마고,Margaux,파비용 루주 뒤 샤토 마고,Pavillon Rouge du Chateau Margaux
프랑스,France,보르도,Bordeaux,메독,Medoc,생쥘리앵,Saint-Julien,샤토 베슈벨,Chateau Beychevelle
프랑스,France,보르도,Bordeaux,메독,Medoc,생쥘리앵,Saint-Julien,샤토 브라네르 뒤크뤼,Chateau Branaire-Ducru
프랑스,France,보르도,Bordeaux,메독,Medoc,생쥘리앵,Saint-Julien,샤토 뒤크뤼 보카이유,Chateau Ducru-Beaucaillou
프랑스,France,보르도,Bordeaux,메독,Medoc,생쥘리앵,Saint-Julien,샤토 글로리아,Chateau Gloria
프랑스,France,보르도,Bordeaux,메독,Medoc,생쥘리앵,Saint-Julien,샤토 그뤼오 라로즈,Chateau Gruaud-Larose
프랑스,France,보르도,Bordeaux,메독,Medoc,생쥘리앵,Saint-Julien,샤토 라그랑주,Chateau Lagrange
프랑스,France,보르도,Bordeaux,메독,Medoc,생쥘리앵,Saint-Julien,샤토 랑고아 바르통,Chateau Langoa-Barton
프랑스,France,보르도,Bordeaux,메독,Medoc,생쥘리앵,Saint-Julien,샤토 레오빌 바르통,Chateau Leoville Barton
프랑스,France,보르도,Bordeaux,메독,Medoc,생쥘리앵,Saint-Julien,샤토 레오빌 라스 카스,Chateau Leoville Las Cases
프랑스,France,보르도,Bordeaux,메독,Medoc,생쥘리앵,Saint-Julien,샤토 레오빌 푸아페레,Chateau Leoville Poyferre
프랑스,France,보르도,Bordeaux,메독,Medoc,생쥘리앵,Saint-Julien,샤토 생 피에르,Chateau Saint-Pierre
프랑스,France,보르도,Bordeaux,메독,Medoc,생쥘리앵,Saint-Julien,샤토 탈보,Chateau Talbot
프랑스,France,보르도,Bordeaux,메독,Medoc,생테스테프,Saint-Estephe,샤토 칼롱 세귀르,Chateau Calon-Segur
프랑스,France,보르도,Bordeaux,메독,Medoc,생테스테프,Saint-Estephe,샤토 코스 데스투르넬,Chateau Cos d'Estournel
프랑스,France,보르도,Bordeaux,메독,Medoc,생테스테프,Saint-Estephe,샤토 오 마르뷔제,Chateau Haut-Marbuzet
프랑스,France,보르도,Bordeaux,메독,Medoc,생테스테프,Saint-Estephe,샤토 라퐁 로셰,Chateau Lafon-Rochet
프랑스,France,보르도,Bordeaux,메독,Medoc,생테스테프,Saint-Estephe,샤토 레 조름 드 페즈,Chateau Les Ormes de Pez
프랑스,France,보르도,Bordeaux,메독,Medoc,생테스테프,Saint-Estephe,샤토 메네,Chateau Meyney
프랑스,France,보르도,Bordeaux,메독,Medoc,생테스테프,Saint-Estephe,샤토 몽로즈,Chateau Montrose
프랑스,France,보르도,Bordeaux,메독,Medoc,리스트락 메독,Listrac-Medoc,샤토 푸르카 루바네,Chateau Fourcas-Loubaney
프랑스,France,보르도,Bordeaux,메독,Medoc,물리 앙 메독,Moulis-en-Medoc,샤토 샤스 스플린,Chateau Chasse-Spleen
프랑스,France,보르도,Bordeaux,메독,Medoc,물리 앙 메독,Moulis-en-Medoc,샤토 모카이유,Chateau Maucaillou
프랑스,France,보르도,Bordeaux,메독,Medoc,물리 앙 메독,Moulis-en-Medoc,샤토 푸조,Chateau Poujeaux
프랑스,France,보르도,Bordeaux,메독,Medoc,오메독,Haut-Medoc,샤토 캉트메를,Chateau Cantemerle
프랑스,France,보르도,Bordeaux,메독,Medoc,오메독,Haut-Medoc,샤토 라 라귄,Chateau La Lagune
프랑스,France,보르도,Bordeaux,메독,Medoc,오메독,Haut-Medoc,샤토 라네상,Chateau Lanessan
프랑스,France,보르도,Bordeaux,메독,Medoc,오메독,Haut-Medoc,샤토 투르 뒤 오 물랭,Chateau Tour du Haut-Moulin
프랑스,France,보르도,Bordeaux,메독,Medoc,메독,Medoc,샤토 샤르마이,Chateau Charmail
프랑스,France,보르도,Bordeaux,메독,Medoc,메독,Medoc,샤토 시트랑,Chateau Citran
프랑스,France,보르도,Bordeaux,메독,Medoc,메독,Medoc,샤토 포탕삭,Chateau Potensac
프랑스,France,보르도,Bordeaux,메독,Medoc,메독,Medoc,샤토 소시앙도 말레,Chateau Sociando-Mallet
프랑스,France,보르도,Bordeaux,메독,Medoc,메독,Medoc,샤토 투르 오 코상,Chateau Tour Haut-Caussan
프랑스,France,보르도,Bordeaux,그라브,Graves,페삭 레오냥,Pessac-Leognan,바앙 오브리옹,Bahans Haut-Brion
프랑스,France,보르도,Bordeaux,그라브,Graves,페삭 레오냥,Pessac-Leognan,샤토 오바이,Chateau Haut-Bailly
프랑스,France,보르도,Bordeaux,그라브,Graves,페삭 레오냥,Pessac-Leognan,샤토 오브리옹,Chateau Haut-Brion
프랑스,France,보르도,Bordeaux,그라브,Graves,페삭 레오냥,Pessac-Leognan,샤토 라 루비에르,Chateau La Louviere
프랑스,France,보르도,Bordeaux,그라브,Graves,페삭 레오냥,Pessac-Leognan,샤토 라 미시옹 오브리옹,Chateau La Mission Haut-Brion
프랑스,France,보르도,Bordeaux,그라브,Graves,페삭 레오냥,Pessac-Leognan,샤토 라 투르 오브리옹,Chateau La Tour Haut-Brion
프랑스,France,보르도,Bordeaux,그라브,Graves,페삭 레오냥,Pessac-Leognan,샤토 레 카름 오브리옹,Chateau Les Carmes Haut-Brion
프랑스,France,보르도,Bordeaux,그라브,Graves,페삭 레오냥,Pessac-Leognan,샤토 파프 클레망,Chateau Pape Clement
프랑스,France,보르도,Bordeaux,그라브,Graves,페삭 레오냥,Pessac-Leognan,샤토 스미스 오 라피트,Chateau Smith Haut Lafitte
프랑스,France,보르도,Bordeaux,그라브,Graves,페삭 레오냥,Pessac-Leognan,샤토 드 피외잘,Chateau de Fieuzal
프랑스,France,보르도,Bordeaux,그라브,Graves,페삭 레오냥,Pessac-Leognan,도멘 드 슈발리에,Domaine de Chevalier
프랑스,France,보르도,Bordeaux,그라브,Graves,그라브,Graves,,
프랑스,France,보르도,Bordeaux,그라브,Graves,소테른,Sauternes,샤토 기로,Chateau Guiraud
프랑스,France,보르도,Bordeaux,그라브,Graves,소테른,Sauternes,샤토 리외섹,Chateau Rieussec
프랑스,France,보르도,Bordeaux,그라브,Graves,소테른,Sauternes,샤토 쉬뒤로,Chateau Suduiraut
프랑스,France,보르도,Bordeaux,그라브,Graves,소테른,Sauternes,샤토 디켐,Chateau d'Yquem
프랑스,France,보르도,Bordeaux,그라브,Graves,바르삭,Barsac,샤토 클리망,Chateau Climens
프랑스,France,보르도,Bordeaux,그라브,Graves,바르삭,Barsac,샤토 쿠테,Chateau Coutet
프랑스,France,보르도,Bordeaux,리부르네,Libournais,생테밀리옹,Saint-Emilion,샤토 앙젤뤼스,Chateau Angelus
프랑스,France,보르도,Bordeaux,리부르네,Libournais,생테밀리옹,Saint-Emilion,샤토 오존,Chateau Ausone
프랑스,France,보르도,Bordeaux,리부르네,Libournais,생테밀리옹,Saint-Emilion,샤토 발레스타르 라 토넬,Chateau Balestard-La-Tonnelle
프랑스,France,보르도,Bordeaux,리부르네,Libournais,생테밀리옹,Saint-Emilion,샤토 바르드 오,Chateau Barde-Haut
프랑스,France,보르도,Bordeaux,리부르네,Libournais,생테밀리옹,Saint-Emilion,샤토 보세주르 베코,Chateau Beau-Sejour Becot
프랑스,France,보르도,Bordeaux,리부르네,Libournais,생테밀리옹,Saint-Emilion,샤토 보세주르,Chateau Beausejour
프랑스,France,보르도,Bordeaux,리부르네,Libournais,생테밀리옹,Saint-Emilion,샤토 보세주르 뒤포,Chateau Beausejour-Duffau
프랑스,France,보르도,Bordeaux,리부르네,Libournais,생테밀리옹,Saint-Emilion,샤토 벨레르,Chateau Belair
프랑스,France,보르도,Bordeaux,리부르네,Libournais,생테밀리옹,Saint-Emilion,샤토 카데 피올라,Chateau Cadet-Piola
프랑스,France,보르도,Bordeaux,리부르네,Libournais,생테밀리옹,Saint-Emilion,샤토 카농,Chateau Canon
프랑스,France,보르도,Bordeaux,리부르네,Libournais,생테밀리옹,Saint-Emilion,샤토 카농 라 가플리에르,Chateau Canon-la-Gaffeliere
프랑스,France,보르도,Bordeaux,리부르네,Libournais,생테밀리옹,Saint-Emilion,샤토 슈발 블랑,Chateau Cheval Blanc
프랑스,France,보르도,Bordeaux,리부르네,Libournais,생테밀리옹,Saint-Emilion,샤토 크로크 미쇼트,Chateau Croque-Michotte
프랑스,France,보르도,Bordeaux,리부르네,Libournais,생테밀리옹,Saint-Emilion,샤토 포제르,Chateau Faugeres
프랑스,France,보르도,Bordeaux,리부르네,Libournais,생테밀리옹,Saint-Emilion,샤토 페랑 라르티그,Chateau Ferrand-Lartigue
프랑스,France,보르도,Bordeaux,리부르네,Libournais,생테밀리옹,Saint-Emilion,샤토 피작,Chateau Figeac
프랑스,France,보르도,Bordeaux,리부르네,Libournais,생테밀리옹,Saint-Emilion,샤토 그랑 멘,Chateau Grand-Mayne
프랑스,France,보르도,Bordeaux,리부르네,Libournais,생테밀리옹,Saint-Emilion,샤토 그랑 퐁테,Chateau Grand-Pontet
프랑스,France,보르도,Bordeaux,리부르네,Libournais,생테밀리옹,Saint-Emilion,샤토 라로제,Chateau L'Arrosee
프랑스,France,보르도,Bordeaux,리부르네,Libournais,생테밀리옹,Saint-Emilion,샤토 레르미타주,Chateau L'Hermitage
프랑스,France,보르도,Bordeaux,리부르네,Libournais,생테밀리옹,Saint-Emilion,샤토 라 쿠스포드,Chateau La Couspaude
프랑스,France,보르도,Bordeaux,리부르네,Libournais,생테밀리옹,Saint-Emilion,샤토 라 도미니크,Chateau La Dominique
프랑스,France,보르도,Bordeaux,리부르네,Libournais,생테밀리옹,Saint-Emilion,샤토 라 플뢰르 드 조그,Chateau La Fleur-de-Jaugue
프랑스,France,보르도,Bordeaux,리부르네,Libournais,생테밀리옹,Saint-Emilion,샤토 라 가플리에르,Chateau La Gaffeliere
프랑스,France,보르도,Bordeaux,리부르네,Libournais,생테밀리옹,Saint-Emilion,샤토 라 고므리,Chateau La Gomerie
프랑스,France,보르도,Bordeaux,리부르네,Libournais,생테밀리옹,Saint-Emilion,샤토 라 몽도트,Chateau La Mondotte
프랑스,France,보르도,Bordeaux,리부르네,Libournais,생테밀리옹,Saint-Emilion,샤토 라 투르 뒤 팽 피작,Chateau La Tour-du-Pin-Figeac
프랑스,France,보르도,Bordeaux,리부르네,Libournais,생테밀리옹,Saint-Emilion,샤토 라르시 뒤카스,Chateau Larcis-Ducasse
프랑스,France,보르도,Bordeaux,리부르네,Libournais,생테밀리옹,Saint-Emilion,샤토 라르망드,Chateau Larmande
프랑스,France,보르도,Bordeaux,리부르네,Libournais,생테밀리옹,Saint-Emilion,샤토 르 테르트르 로트뵈프,Chateau Le Tertre-Roteboeuf
프랑스,France,보르도,Bordeaux,리부르네,Libournais,생테밀리옹,Saint-Emilion,샤토 마들렌,Chateau Magdelaine
프랑스,France,보르도,Bordeaux,리부르네,Libournais,생테밀리옹,Saint-Emilion,샤토 몽부스케,Chateau Monbousquet
프랑스,France,보르도,Bordeaux,리부르네,Libournais,생테밀리옹,Saint-Emilion,샤토 물랭 생 조르주,Chateau Moulin Saint-Georges
프랑스,France,보르도,Bordeaux,리부르네,Libournais,생테밀리옹,Saint-Emilion,샤토 파비,Chateau Pavie
프랑스,France,보르도,Bordeaux,리부르네,Libournais,생테밀리옹,Saint-Emilion,샤토 파비 드세스,Chateau Pavie-Decesse
프랑스,France,보르도,Bordeaux,리부르네,Libournais,생테밀리옹,Saint-Emilion,샤토 파비 마캥,Chateau Pavie-Macquin
프랑스,France,보르도,Bordeaux,리부르네,Libournais,생테밀리옹,Saint-Emilion,샤토 키노 랑클로,Chateau Quinault-L'Enclos
프랑스,France,보르도,Bordeaux,리부르네,Libournais,생테밀리옹,Saint-Emilion,샤토 롤 발랑탱,Chateau Rol Valentin
프랑스,France,보르도,Bordeaux,리부르네,Libournais,생테밀리옹,Saint-Emilion,샤토 수타르,Chateau Soutard
프랑스,France,보르도,Bordeaux,리부르네,Libournais,생테밀리옹,Saint-Emilion,샤토 트로플롱 몽도,Chateau Troplong Mondot
프랑스,France,보르도,Bordeaux,리부르네,Libournais,생테밀리옹,Saint-Emilion,샤토 트로트 비에유,Chateau Trotte Vieille
프랑스,France,보르도,Bordeaux,리부르네,Libournais,생테밀리옹,Saint-Emilion,샤토 발랑드로,Chateau Valandraud
프랑스,France,보르도,Bordeaux,리부르네,Libournais,생테밀리옹,Saint-Emilion,클로 드 로라투아르,Clos de L'Oratoire
프랑스,France,보르도,Bordeaux,리부르네,Libournais,생테밀리옹,Saint-Emilion,클로 데 자코뱅,Clos des Jacobins
프랑스,France,보르도,Bordeaux,리부르네,Libournais,생테밀리옹,Saint-Emilion,쿠방 데 자코뱅,Couvent des Jacobins
프랑스,France,보르도,Bordeaux,리부르네,Libournais,포므롤,Pomerol,샤토 부르뇌프,Chateau Bourgneuf
프랑스,France,보르도,Bordeaux,리부르네,Libournais,포므롤,Pomerol,샤토 세르탕 드 메,Chateau Certan de May
프랑스,France,보르도,Bordeaux,리부르네,Libournais,포므롤,Pomerol,샤토 세르탕 지로,Chateau Certan-Giraud
프랑스,France,보르도,Bordeaux,리부르네,Libournais,포므롤,Pomerol,샤토 클리네,Chateau Clinet
프랑스,France,보르도,Bordeaux,리부르네,Libournais,포므롤,Pomerol,샤토 가쟁,Chateau Gazin
프랑스,France,보르도,Bordeaux,리부르네,Libournais,포므롤,Pomerol,샤토 곰보드 기요,Chateau Gombaude-Guillot
프랑스,France,보르도,Bordeaux,리부르네,Libournais,포므롤,Pomerol,샤토 레글리즈 클리네,Chateau L'Eglise-Clinet
프랑스,France,보르도,Bordeaux,리부르네,Libournais,포므롤,Pomerol,샤토 랑클로,Chateau L'Enclos
프랑스,France,보르도,Bordeaux,리부르네,Libournais,포므롤,Pomerol,샤토 레방질,Chateau L'Evangile
프랑스,France,보르도,Bordeaux,리부르네,Libournais,포므롤,Pomerol,샤토 라 콩세양트,Chateau La Conseillante
프랑스,France,보르도,Bordeaux,리부르네,Libournais,포므롤,Pomerol,샤토 라 크루아 드 게,Chateau La Croix de Gay
프랑스,France,보르도,Bordeaux,리부르네,Libournais,포므롤,Pomerol,샤토 라 크루아 뒤 카스,Chateau La Croix du Casse
프랑스,France,보르도,Bordeaux,리부르네,Libournais,포므롤,Pomerol,샤토 라 플뢰르 드 게,Chateau La Fleur de Gay
프랑스,France,보르도,Bordeaux,리부르네,Libournais,포므롤,Pomerol,샤토 라 플뢰르 페트뤼스,Chateau La Fleur-Petrus
프랑스,France,보르도,Bordeaux,리부르네,Libournais,포므롤,Pomerol,샤토 라 그라브 아 포므롤,Chateau La Grave a Pomerol
프랑스,France,보르도,Bordeaux,리부르네,Libournais,포므롤,Pomerol,샤토 라플뢰르,Chateau Lafleur
프랑스,France,보르도,Bordeaux,리부르네,Libournais,포므롤,Pomerol,샤토 라투르 아 포므롤,Chateau Latour a Pomerol
프랑스,France,보르도,Bordeaux,리부르네,Libournais,포므롤,Pomerol,샤토 르 봉 파스퇴르,Chateau Le Bon Pasteur
프랑스,France,보르도,Bordeaux,리부르네,Libournais,포므롤,Pomerol,샤토 르 게,Chateau Le Gay
프랑스,France,보르도,Bordeaux,리부르네,Libournais,포므롤,Pomerol,샤토 르 팽,Chateau Le Pin
프랑스,France,보르도,Bordeaux,리부르네,Libournais,포므롤,Pomerol,샤토 네냉,Chateau Nenin
프랑스,France,보르도,Bordeaux,리부르네,Libournais,포므롤,Pomerol,샤토 프티 빌라주,Chateau Petit-Village
프랑스,France,보르도,Bordeaux,리부르네,Libournais,포므롤,Pomerol,샤토 트로타누아,Chateau Trotanoy
프랑스,France,보르도,Bordeaux,리부르네,Libournais,포므롤,Pomerol,클로 르네,Clos Rene
프랑스,France,보르도,Bordeaux,리부르네,Libournais,포므롤,Pomerol,도멘 드 레글리즈,Domaine de L'Eglise
프랑스,France,보르도,Bordeaux,리부르네,Libournais,포므롤,Pomerol,페트뤼스,Petrus
프랑스,France,보르도,Bordeaux,리부르네,Libournais,포므롤,Pomerol,비유 샤토 세르탕,Vieux Chateau Certan
프랑스,France,보르도,Bordeaux,리부르네,Libournais,라랑드 드 포므롤,Lalande-de-Pomerol,,
프랑스,France,보르도,Bordeaux,리부르네,Libournais,프롱삭,Fronsac,샤토 달렘,Chateau Dalem
프랑스,France,보르도,Bordeaux,리부르네,Libournais,프롱삭,Fronsac,샤토 퐁트닐,Chateau Fontenil
프랑스,France,보르도,Bordeaux,리부르네,Libournais,프롱삭,Fronsac,샤토 라 도핀,Chateau La Dauphine
프랑스,France,보르도,Bordeaux,리부르네,Libournais,프롱삭,Fronsac,샤토 라 비에유 퀴르,Chateau La Vieille-Cure
프랑스,France,보르도,Bordeaux,리부르네,Libournais,프롱삭,Fronsac,샤토 물랭 오 라로크,Chateau Moulin-Haut-Laroque
프랑스,France,보르도,Bordeaux,리부르네,Libournais,카농 프롱삭,Canon-Fronsac,샤토 카농 무엑스,Chateau Canon Moueix
프랑스,France,보르도,Bordeaux,리부르네,Libournais,카농 프롱삭,Canon-Fronsac,샤토 카농 드 브렘,Chateau Canon de Brem
프랑스,France,보르도,Bordeaux,리부르네,Libournais,카농 프롱삭,Canon-Fronsac,샤토 카사뉴 오 카농 라 트뤼피에르,Chateau Cassagne Haut-Canon La Truffiere
프랑스,France,보르도,Bordeaux,리부르네,Libournais,카농 프롱삭,Canon-Fronsac,샤토 물랭 페 라브리,Chateau Moulin-Pey-Labrie
프랑스,France,보르도,Bordeaux,리부르네,Libournais,카스티용,Castillon,,
프랑스,France,보르도,Bordeaux,부르 & 블라이,Bourg & Blaye,코트 드 부르,Cotes de Bourg,샤토 로크 드 캉브,Chateau Roc de Cambes
프랑스,France,보르도,Bordeaux,부르 & 블라이,Bourg & Blaye,코트 드 부르,Cotes de Bourg,샤토 타이악 퀴베 프레스티주,Chateau Tayac Cuvee Prestige
프랑스,France,보르도,Bordeaux,부르 & 블라이,Bourg & Blaye,코트 드 블라이,Cotes de Blaye,,
프랑스,France,보르도,Bordeaux,앙트르 되 메르,Entre-Deux-Mers,앙트르 되 메르,Entre-Deux-Mers,,
프랑스,France,부르고뉴,Burgundy,샤블리,Chablis,샤블리,Chablis,도멘 도비사,Domaine Dauvissat
프랑스,France,부르고뉴,Burgundy,샤블리,Chablis,샤블리,Chablis,도멘 라로슈,Domaine Laroche
프랑스,France,부르고뉴,Burgundy,샤블리,Chablis,샤블리,Chablis,도멘 라브노,Domaine Raveneau
프랑스,France,부르고뉴,Burgundy,샤블리,Chablis,샤블리,Chablis,장 마르크 브로카르,Jean-Marc Brocard
프랑스,France,부르고뉴,Burgundy,샤블리,Chablis,샤블리,Chablis,윌리엄 페브르,William Fevre
프랑스,France,부르고뉴,Burgundy,코트 드 뉘,Cote de Nuits,마르사네,Marsannay,도멘 브뤼노 클레르,Domaine Bruno Clair
프랑스,France,부르고뉴,Burgundy,코트 드 뉘,Cote de Nuits,픽생,Fixin,,
프랑스,France,부르고뉴,Burgundy,코트 드 뉘,Cote de Nuits,주브레 샹베르탱,Gevrey-Chambertin,도멘 아르망 루소,Domaine Armand Rousseau
프랑스,France,부르고뉴,Burgundy,코트 드 뉘,Cote de Nuits,주브레 샹베르탱,Gevrey-Chambertin,도멘 바슐레,Domaine Bachelet
프랑스,France,부르고뉴,Burgundy,코트 드 뉘,Cote de Nuits,주브레 샹베르탱,Gevrey-Chambertin,도멘 드니 모르테,Domaine Denis Mortet
프랑스,France,부르고뉴,Burgundy,코트 드 뉘,Cote de Nuits,주브레 샹베르탱,Gevrey-Chambertin,도멘 푸리에,Domaine Fourrier
프랑스,France,부르고뉴,Burgundy,코트 드 뉘,Cote de Nuits,주브레 샹베르탱,Gevrey-Chambertin,도멘 트라페,Domaine Trapet
프랑스,France,부르고뉴,Burgundy,코트 드 뉘,Cote de Nuits,모레 생 드니,Morey-Saint-Denis,도멘 뒤작,Domaine Dujac
프랑스,France,부르고뉴,Burgundy,코트 드 뉘,Cote de Nuits,모레 생 드니,Morey-Saint-Denis,도멘 위베르 리니에,Domaine Hubert Lignier
프랑스,France,부르고뉴,Burgundy,코트 드 뉘,Cote de Nuits,모레 생 드니,Morey-Saint-Denis,도멘 퐁소,Domaine Ponsot
프랑스,France,부르고뉴,Burgundy,코트 드 뉘,Cote de Nuits,샹볼 뮈지니,Chambolle-Musigny,도멘 콩트 조르주 드 보귀에,Domaine Comte Georges de Vogue
프랑스,France,부르고뉴,Burgundy,코트 드 뉘,Cote de Nuits,샹볼 뮈지니,Chambolle-Musigny,도멘 조르주 루미에,Domaine Georges Roumier
프랑스,France,부르고뉴,Burgundy,코트 드 뉘,Cote de Nuits,샹볼 뮈지니,Chambolle-Musigny,도멘 뮈니에,Domaine Mugnier
프랑스,France,부르고뉴,Burgundy,코트 드 뉘,Cote de Nuits,부조,Vougeot,,
프랑스,France,부르고뉴,Burgundy,코트 드 뉘,Cote de Nuits,본 로마네,Vosne-Romanee,도멘 안 그로,Domaine Anne Gros
프랑스,France,부르고뉴,Burgundy,코트 드 뉘,Cote de Nuits,본 로마네,Vosne-Romanee,도멘 르로이,Domaine Leroy
프랑스,France,부르고뉴,Burgundy,코트 드 뉘,Cote de Nuits,본 로마네,Vosne-Romanee,도멘 메오 카뮈제,Domaine Meo-Camuzet
프랑스,France,부르고뉴,Burgundy,코트 드 뉘,Cote de Nuits,본 로마네,Vosne-Romanee,도멘 드 라 로마네 콩티,Domaine de la Romanee-Conti
프랑스,France,부르고뉴,Burgundy,코트 드 뉘,Cote de Nuits,뉘 생 조르주,Nuits-Saint-Georges,도멘 페블레,Domaine Faiveley
프랑스,France,부르고뉴,Burgundy,코트 드 뉘,Cote de Nuits,뉘 생 조르주,Nuits-Saint-Georges,페블레,Faiveley
프랑스,France,부르고뉴,Burgundy,코트 드 본,Cote de Beaune,알록스 코르통,Aloxe-Corton,도멘 보노 뒤 마르트레,Domaine Bonneau du Martray
프랑스,France,부르고뉴,Burgundy,코트 드 본,Cote de Beaune,페르낭 베르줄레스,Pernand-Vergelesses,,
프랑스,France,부르고뉴,Burgundy,코트 드 본,Cote de Beaune,사비니 레 본,Savigny-les-Beaune,,
프랑스,France,부르고뉴,Burgundy,코트 드 본,Cote de Beaune,본,Beaune,알베르 비쇼,Albert Bichot
프랑스,France,부르고뉴,Burgundy,코트 드 본,Cote de Beaune,본,Beaune,부샤르 페레 에 피스,Bouchard Pere et Fils
프랑스,France,부르고뉴,Burgundy,코트 드 본,Cote de Beaune,본,Beaune,도멘 드 라 부주레,Domaine de la Vougeraie
프랑스,France,부르고뉴,Burgundy,코트 드 본,Cote de Beaune,본,Beaune,조셉 드루앙,Joseph Drouhin
프랑스,France,부르고뉴,Burgundy,코트 드 본,Cote de Beaune,본,Beaune,루이 자도,Louis Jadot
프랑스,France,부르고뉴,Burgundy,코트 드 본,Cote de Beaune,본,Beaune,루이 라투르,Louis Latour
프랑스,France,부르고뉴,Burgundy,코트 드 본,Cote de Beaune,포마르,Pommard,,
프랑스,France,부르고뉴,Burgundy,코트 드 본,Cote de Beaune,볼네,Volnay,도멘 라파르주,Domaine Lafarge
프랑스,France,부르고뉴,Burgundy,코트 드 본,Cote de Beaune,볼네,Volnay,도멘 마르키 당제르빌,Domaine Marquis d'Angerville
프랑스,France,부르고뉴,Burgundy,코트 드 본,Cote de Beaune,몽텔리,Monthelie,,
프랑스,France,부르고뉴,Burgundy,코트 드 본,Cote de Beaune,옥세 뒤레스,Auxey-Duresses,,
프랑스,France,부르고뉴,Burgundy,코트 드 본,Cote de Beaune,뫼르소,Meursault,도멘 코슈 뒤리,Domaine Coche-Dury
프랑스,France,부르고뉴,Burgundy,코트 드 본,Cote de Beaune,뫼르소,Meursault,도멘 콩트 라퐁,Domaine Comtes Lafon
프랑스,France,부르고뉴,Burgundy,코트 드 본,Cote de Beaune,뫼르소,Meursault,도멘 룰로,Domaine Roulot
프랑스,France,부르고뉴,Burgundy,코트 드 본,Cote de Beaune,퓔리니 몽라셰,Puligny-Montrachet,도멘 에티엔 소제,Domaine Etienne Sauzet
프랑스,France,부르고뉴,Burgundy,코트 드 본,Cote de Beaune,퓔리니 몽라셰,Puligny-Montrachet,도멘 르플레브,Domaine Leflaive
프랑스,France,부르고뉴,Burgundy,코트 드 본,Cote de Beaune,퓔리니 몽라셰,Puligny-Montrachet,올리비에 르플레브,Olivier Leflaive
프랑스,France,부르고뉴,Burgundy,코트 드 본,Cote de Beaune,샤사뉴 몽라셰,Chassagne-Montrachet,도멘 라모네,Domaine Ramonet
프랑스,France,부르고뉴,Burgundy,코트 드 본,Cote de Beaune,생 토뱅,Saint-Aubin,,
프랑스,France,부르고뉴,Burgundy,코트 드 본,Cote de Beaune,상트네,Santenay,,
프랑스,France,부르고뉴,Burgundy,코트 샬로네즈,Cote Chalonnaise,메르퀴레,Mercurey,,
프랑스,France,부르고뉴,Burgundy,코트 샬로네즈,Cote Chalonnaise,륄리,Rully,,
프랑스,France,부르고뉴,Burgundy,코트 샬로네즈,Cote Chalonnaise,지브리,Givry,,
프랑스,France,부르고뉴,Burgundy,코트 샬로네즈,Cote Chalonnaise,몽타니,Montagny,,
프랑스,France,부르고뉴,Burgundy,마코네,Maconnais,푸이 퓌세,Pouilly-Fuisse,,
프랑스,France,부르고뉴,Burgundy,마코네,Maconnais,생 베랑,Saint-Veran,,
프랑스,France,부르고뉴,Burgundy,마코네,Maconnais,비레 클레세,Vire-Clesse,,
프랑스,France,부르고뉴,Burgundy,마코네,Maconnais,마콩,Macon,,
프랑스,France,부르고뉴,Burgundy,보졸레,Beaujolais,물랭 아 방,Moulin-a-Vent,조르주 뒤뵈프,Georges Duboeuf
프랑스,France,부르고뉴,Burgundy,보졸레,Beaujolais,플뢰리,Fleurie,,
프랑스,France,부르고뉴,Burgundy,보졸레,Beaujolais,모르공,Morgon,마르셀 라피에르,Marcel Lapierre
프랑스,France,부르고뉴,Burgundy,보졸레,Beaujolais,브루이,Brouilly,,
프랑스,France,부르고뉴,Burgundy,보졸레,Beaujolais,쥘리에나,Julienas,,
프랑스,France,부르고뉴,Burgundy,보졸레,Beaujolais,셰나,Chenas,,
프랑스,France,부르고뉴,Burgundy,보졸레,Beaujolais,시루블,Chiroubles,,
프랑스,France,샹파뉴,Champagne,몽타뉴 드 랭스,Montagne de Reims,랭스,Reims,브뤼노 파야르,Bruno Paillard
프랑스,France,샹파뉴,Champagne,몽타뉴 드 랭스,Montagne de Reims,랭스,Reims,샤를 하이직,Charles Heidsieck
프랑스,France,샹파뉴,Champagne,몽타뉴 드 랭스,Montagne de Reims,랭스,Reims,크리스탈,Cristal
프랑스,France,샹파뉴,Champagne,몽타뉴 드 랭스,Montagne de Reims,랭스,Reims,되츠,Deutz
프랑스,France,샹파뉴,Champagne,몽타뉴 드 랭스,Montagne de Reims,랭스,Reims,고세,Gosset
프랑스,France,샹파뉴,Champagne,몽타뉴 드 랭스,Montagne de Reims,랭스,Reims,앙리오,Henriot
프랑스,France,샹파뉴,Champagne,몽타뉴 드 랭스,Montagne de Reims,랭스,Reims,크뤼그,Krug
프랑스,France,샹파뉴,Champagne,몽타뉴 드 랭스,Montagne de Reims,랭스,Reims,로랑 페리에,Laurent-Perrier
프랑스,France,샹파뉴,Champagne,몽타뉴 드 랭스,Montagne de Reims,랭스,Reims,루이 로드레,Louis Roederer
프랑스,France,샹파뉴,Champagne,몽타뉴 드 랭스,Montagne de Reims,랭스,Reims,파이퍼 하이직,Piper-Heidsieck
프랑스,France,샹파뉴,Champagne,몽타뉴 드 랭스,Montagne de Reims,랭스,Reims,뤼나르,Ruinart
프랑스,France,샹파뉴,Champagne,몽타뉴 드 랭스,Montagne de Reims,랭스,Reims,테탱저,Taittinger
프랑스,France,샹파뉴,Champagne,몽타뉴 드 랭스,Montagne de Reims,랭스,Reims,뵈브 클리코,Veuve Clicquot
프랑스,France,샹파뉴,Champagne,몽타뉴 드 랭스,Montagne de Reims,랭스,Reims,빌마르,Vilmart
프랑스,France,샹파뉴,Champagne,코트 데 블랑,Cote des Blancs,코트 데 블랑,Cote des Blancs,아그라파르,Agrapart
프랑스,France,샹파뉴,Champagne,코트 데 블랑,Cote des Blancs,코트 데 블랑,Cote des Blancs,뒤발 르로이,Duval-Leroy
프랑스,France,샹파뉴,Champagne,코트 데 블랑,Cote des Blancs,코트 데 블랑,Cote des Blancs,자크 셀로스,Jacques Selosse
프랑스,France,샹파뉴,Champagne,코트 데 블랑,Cote des Blancs,코트 데 블랑,Cote des Blancs,라르망디에 베르니에,Larmandier-Bernier
프랑스,France,샹파뉴,Champagne,코트 데 블랑,Cote des Blancs,코트 데 블랑,Cote des Blancs,피에르 페테르,Pierre Peters
프랑스,France,샹파뉴,Champagne,코트 데 블랑,Cote des Blancs,코트 데 블랑,Cote des Blancs,살롱,Salon
프랑스,France,샹파뉴,Champagne,발레 드 라 마른,Vallee de la Marne,에페르네,Epernay,빌카르 살몽,Billecart-Salmon
프랑스,France,샹파뉴,Champagne,발레 드 라 마른,Vallee de la Marne,에페르네,Epernay,볼랭저,Bollinger
프랑스,France,샹파뉴,Champagne,발레 드 라 마른,Vallee de la Marne,에페르네,Epernay,동 페리뇽,Dom Perignon
프랑스,France,샹파뉴,Champagne,발레 드 라 마른,Vallee de la Marne,에페르네,Epernay,자크송,Jacquesson
프랑스,France,샹파뉴,Champagne,발레 드 라 마른,Vallee de la Marne,에페르네,Epernay,모엣 샹동,Moet et Chandon
프랑스,France,샹파뉴,Champagne,발레 드 라 마른,Vallee de la Marne,에페르네,Epernay,페리에 주에,Perrier-Jouet
프랑스,France,샹파뉴,Champagne,발레 드 라 마른,Vallee de la Marne,에페르네,Epernay,필리포나,Philipponnat
프랑스,France,샹파뉴,Champagne,발레 드 라 마른,Vallee de la Marne,에페르네,Epernay,폴 로저,Pol Roger
프랑스,France,론,Rhone,북부 론,Northern Rhone,코트 로티,Cote-Rotie,도멘 자메,Domaine Jamet
프랑스,France,론,Rhone,북부 론,Northern Rhone,코트 로티,Cote-Rotie,기갈,E. Guigal
프랑스,France,론,Rhone,북부 론,Northern Rhone,코트 로티,Cote-Rotie,기갈,Guigal
프랑스,France,론,Rhone,북부 론,Northern Rhone,코트 로티,Cote-Rotie,르네 로스탱,Rene Rostaing
프랑스,France,론,Rhone,북부 론,Northern Rhone,콩드리외,Condrieu,,
프랑스,France,론,Rhone,북부 론,Northern Rhone,에르미타주,Hermitage,샤푸티에,Chapoutier
프랑스,France,론,Rhone,북부 론,Northern Rhone,에르미타주,Hermitage,장 루이 샤브,Jean-Louis Chave
프랑스,France,론,Rhone,북부 론,Northern Rhone,에르미타주,Hermitage,폴 자불레 애네,Paul Jaboulet Aine
프랑스,France,론,Rhone,북부 론,Northern Rhone,크로즈 에르미타주,Crozes-Hermitage,알랭 그라이요,Alain Graillot
프랑스,France,론,Rhone,북부 론,Northern Rhone,생조제프,Saint-Joseph,,
프랑스,France,론,Rhone,북부 론,Northern Rhone,코르나스,Cornas,,
프랑스,France,론,Rhone,북부 론,Northern Rhone,생 페레,Saint-Peray,,
프랑스,France,론,Rhone,남부 론,Southern Rhone,샤토뇌프 뒤 파프,Chateauneuf-du-Pape,샤토 라야스,Chateau Rayas
프랑스,France,론,Rhone,남부 론,Southern Rhone,샤토뇌프 뒤 파프,Chateauneuf-du-Pape,샤토 드 보카스텔,Chateau de Beaucastel
프랑스,France,론,Rhone,남부 론,Southern Rhone,샤토뇌프 뒤 파프,Chateauneuf-du-Pape,클로 데 파프,Clos des Papes
프랑스,France,론,Rhone,남부 론,Southern Rhone,샤토뇌프 뒤 파프,Chateauneuf-du-Pape,도멘 뒤 페고,Domaine du Pegau
프랑스,France,론,Rhone,남부 론,Southern Rhone,샤토뇌프 뒤 파프,Chateauneuf-du-Pape,도멘 뒤 비외 텔레그라프,Domaine du Vieux Telegraphe
프랑스,France,론,Rhone,남부 론,Southern Rhone,지공다스,Gigondas,,
프랑스,France,론,Rhone,남부 론,Southern Rhone,바케라스,Vacqueyras,,
프랑스,France,론,Rhone,남부 론,Southern Rhone,타벨,Tavel,,
프랑스,France,론,Rhone,남부 론,Southern Rhone,리락,Lirac,,
프랑스,France,론,Rhone,남부 론,Southern Rhone,뱅소브르,Vinsobres,,
프랑스,France,루아르,Loire,중부 루아르,Central Loire,상세르,Sancerre,알퐁스 멜로,Alphonse Mellot
프랑스,France,루아르,Loire,중부 루아르,Central Loire,상세르,Sancerre,도멘 바슈롱,Domaine Vacheron
프랑스,France,루아르,Loire,중부 루아르,Central Loire,상세르,Sancerre,앙리 부르주아,Henri Bourgeois
프랑스,France,루아르,Loire,중부 루아르,Central Loire,푸이 퓌메,Pouilly-Fume,디디에 다그노,Didier Dagueneau
프랑스,France,루아르,Loire,중부 루아르,Central Loire,므네투 살롱,Menetou-Salon,,
프랑스,France,루아르,Loire,중부 루아르,Central Loire,캥시,Quincy,,
프랑스,France,루아르,Loire,중부 루아르,Central Loire,뢰이,Reuilly,,
프랑스,France,루아르,Loire,투렌,Touraine,부브레,Vouvray,도멘 위에,Domaine Huet
프랑스,France,루아르,Loire,투렌,Touraine,시농,Chinon,,
프랑스,France,루아르,Loire,투렌,Touraine,부르괴이,Bourgueil,,
프랑스,France,루아르,Loire,앙주 소뮈르,Anjou-Saumur,사브니에르,Savennieres,,
프랑스,France,루아르,Loire,앙주 소뮈르,Anjou-Saumur,코토 뒤 레용,Coteaux du Layon,,
프랑스,France,루아르,Loire,앙주 소뮈르,Anjou-Saumur,앙주,Anjou,,
프랑스,France,루아르,Loire,앙주 소뮈르,Anjou-Saumur,소뮈르,Saumur,,
프랑스,France,루아르,Loire,페이 낭테,Pays Nantais,뮈스카데,Muscadet,,
프랑스,France,알자스,Alsace,알자스,Alsace,알자스,Alsace,도멘 마르셀 다이스,Domaine Marcel Deiss
프랑스,France,알자스,Alsace,알자스,Alsace,알자스,Alsace,도멘 오스테르타그,Domaine Ostertag
프랑스,France,알자스,Alsace,알자스,Alsace,알자스,Alsace,도멘 바인바흐,Domaine Weinbach
프랑스,France,알자스,Alsace,알자스,Alsace,알자스,Alsace,도멘 진트 훔브레히트,Domaine Zind-Humbrecht
프랑스,France,알자스,Alsace,알자스,Alsace,알자스,Alsace,휘겔,Hugel
프랑스,France,알자스,Alsace,알자스,Alsace,알자스,Alsace,트림바흐,Trimbach
프랑스,France,쥐라,Jura,쥐라,Jura,아르부아,Arbois,,
프랑스,France,쥐라,Jura,쥐라,Jura,샤토 샬롱,Chateau-Chalon,,
프랑스,France,프로방스,Provence,프로방스,Provence,방돌,Bandol,도멘 탕피에,Domaine Tempier
프랑스,France,프로방스,Provence,프로방스,Provence,카시스,Cassis,,
프랑스,France,프로방스,Provence,프로방스,Provence,코트 드 프로방스,Cotes de Provence,샤토 시몬,Chateau Simone
프랑스,France,프로방스,Provence,프로방스,Provence,코트 드 프로방스,Cotes de Provence,샤토 데스클랑,Chateau d'Esclans
프랑스,France,프로방스,Provence,프로방스,Provence,코트 드 프로방스,Cotes de Provence,도멘 오트,Domaine Ott
프랑스,France,랑그도크 루시용,Languedoc-Roussillon,랑그도크,Languedoc,코르비에르,Corbieres,,
프랑스,France,랑그도크 루시용,Languedoc-Roussillon,랑그도크,Languedoc,미네르부아,Minervois,,
프랑스,France,랑그도크 루시용,Languedoc-Roussillon,랑그도크,Languedoc,포제르,Faugeres,,
프랑스,France,랑그도크 루시용,Languedoc-Roussillon,랑그도크,Languedoc,픽 생 루,Pic Saint-Loup,,
프랑스,France,랑그도크 루시용,Languedoc-Roussillon,루시용,Roussillon,바뉠스,Banyuls,,
프랑스,France,쉬드 우에스트,South West,쉬드 우에스트,South West,카오르,Cahors,,
프랑스,France,쉬드 우에스트,South West,쉬드 우에스트,South West,마디랑,Madiran,샤토 몽튀스,Chateau Montus
프랑스,France,쉬드 우에스트,South West,쉬드 우에스트,South West,쥐랑송,Jurancon,,
프랑스,France,쉬드 우에스트,South West,쉬드 우에스트,South West,베르주라크,Bergerac,,
프랑스,France,쉬드 우에스트,South West,쉬드 우에스트,South West,몽바지야크,Monbazillac,,
이탈리아,Italy,피에몬테,Piedmont,랑게,Langhe,바롤로,Barolo,알도 콘테르노,Aldo Conterno
이탈리아,Italy,피에몬테,Piedmont,랑게,Langhe,바롤로,Barolo,바르톨로 마스카렐로,Bartolo Mascarello
이탈리아,Italy,피에몬테,Piedmont,랑게,Langhe,바롤로,Barolo,체레토,Ceretto
이탈리아,Italy,피에몬테,Piedmont,랑게,Langhe,바롤로,Barolo,도메니코 클레리코,Domenico Clerico
이탈리아,Italy,피에몬테,Piedmont,랑게,Langhe,바롤로,Barolo,엘리오 알타레,Elio Altare
이탈리아,Italy,피에몬테,Piedmont,랑게,Langhe,바롤로,Barolo,자코모 콘테르노,Giacomo Conterno
이탈리아,Italy,피에몬테,Piedmont,랑게,Langhe,바롤로,Barolo,주세페 마스카렐로,Giuseppe Mascarello
이탈리아,Italy,피에몬테,Piedmont,랑게,Langhe,바롤로,Barolo,마솔리노,Massolino
이탈리아,Italy,피에몬테,Piedmont,랑게,Langhe,바롤로,Barolo,미켈레 키아를로,Michele Chiarlo
이탈리아,Italy,피에몬테,Piedmont,랑게,Langhe,바롤로,Barolo,파올로 스카비노,Paolo Scavino
이탈리아,Italy,피에몬테,Piedmont,랑게,Langhe,바롤로,Barolo,피오 체사레,Pio Cesare
이탈리아,Italy,피에몬테,Piedmont,랑게,Langhe,바롤로,Barolo,로베르토 보에르치오,Roberto Voerzio
이탈리아,Italy,피에몬테,Piedmont,랑게,Langhe,바롤로,Barolo,비에티,Vietti
이탈리아,Italy,피에몬테,Piedmont,랑게,Langhe,바르바레스코,Barbaresco,브루노 자코사,Bruno Giacosa
이탈리아,Italy,피에몬테,Piedmont,랑게,Langhe,바르바레스코,Barbaresco,가야,Gaja
이탈리아,Italy,피에몬테,Piedmont,랑게,Langhe,바르바레스코,Barbaresco,프로두토리 델 바르바레스코,Produttori del Barbaresco
이탈리아,Italy,피에몬테,Piedmont,랑게,Langhe,랑게,Langhe,,
이탈리아,Italy,피에몬테,Piedmont,로에로,Roero,로에로,Roero,,
이탈리아,Italy,피에몬테,Piedmont,몬페라토,Monferrato,아스티,Asti,,
이탈리아,Italy,피에몬테,Piedmont,몬페라토,Monferrato,몬페라토,Monferrato,,
이탈리아,Italy,피에몬테,Piedmont,가비,Gavi,가비,Gavi,,
이탈리아,Italy,피에몬테,Piedmont,알토 피에몬테,Alto Piemonte,겜메 가티나라,Ghemme-Gattinara,,
이탈리아,Italy,토스카나,Tuscany,키안티,Chianti,키안티 클라시코,Chianti Classico,안티노리,Antinori
이탈리아,Italy,토스카나,Tuscany,키안티,Chianti,키안티 클라시코,Chianti Classico,카스텔로 디 아마,Castello di Ama
이탈리아,Italy,토스카나,Tuscany,키안티,Chianti,키안티 클라시코,Chianti Classico,카스텔로 디 볼파이아,Castello di Volpaia
이탈리아,Italy,토스카나,Tuscany,키안티,Chianti,키안티 클라시코,Chianti Classico,펠시나,Felsina
이탈리아,Italy,토스카나,Tuscany,키안티,Chianti,키안티 클라시코,Chianti Classico,폰토디,Fontodi
이탈리아,Italy,토스카나,Tuscany,키안티,Chianti,키안티 클라시코,Chianti Classico,이솔레 에 올레나,Isole e Olena
이탈리아,Italy,토스카나,Tuscany,키안티,Chianti,키안티 클라시코,Chianti Classico,마르케시 안티노리,Marchesi Antinori
이탈리아,Italy,토스카나,Tuscany,키안티,Chianti,키안티 클라시코,Chianti Classico,쿠에르차벨라,Querciabella
이탈리아,Italy,토스카나,Tuscany,키안티,Chianti,키안티 클라시코,Chianti Classico,루피노,Ruffino
이탈리아,Italy,토스카나,Tuscany,키안티,Chianti,키안티 클라시코,Chianti Classico,솔라이아,Solaia
이탈리아,Italy,토스카나,Tuscany,키안티,Chianti,키안티 클라시코,Chianti Classico,티냐넬로,Tignanello
이탈리아,Italy,토스카나,Tuscany,키안티,Chianti,키안티,Chianti,프레스코발디,Frescobaldi
이탈리아,Italy,토스카나,Tuscany,키안티,Chianti,키안티,Chianti,마르케시 데 프레스코발디,Marchesi de' Frescobaldi
이탈리아,Italy,토스카나,Tuscany,키안티,Chianti,루피나,Rufina,,
이탈리아,Italy,토스카나,Tuscany,몬탈치노,Montalcino,브루넬로 디 몬탈치노,Brunello di Montalcino,아르지아노,Argiano
이탈리아,Italy,토스카나,Tuscany,몬탈치노,Montalcino,브루넬로 디 몬탈치노,Brunello di Montalcino,반피,Banfi
이탈리아,Italy,토스카나,Tuscany,몬탈치노,Montalcino,브루넬로 디 몬탈치노,Brunello di Montalcino,비온디 산티,Biondi-Santi
이탈리아,Italy,토스카나,Tuscany,몬탈치노,Montalcino,브루넬로 디 몬탈치노,Brunello di Montalcino,카사노바 디 네리,Casanova di Neri
이탈리아,Italy,토스카나,Tuscany,몬탈치노,Montalcino,브루넬로 디 몬탈치노,Brunello di Montalcino,카스텔로 반피,Castello Banfi
이탈리아,Italy,토스카나,Tuscany,몬탈치노,Montalcino,브루넬로 디 몬탈치노,Brunello di Montalcino,일 포조네,Il Poggione
이탈리아,Italy,토스카나,Tuscany,몬탈치노,Montalcino,브루넬로 디 몬탈치노,Brunello di Montalcino,포조 디 소토,Poggio di Sotto
이탈리아,Italy,토스카나,Tuscany,몬탈치노,Montalcino,브루넬로 디 몬탈치노,Brunello di Montalcino,솔데라,Soldera
이탈리아,Italy,토스카나,Tuscany,몬테풀차노,Montepulciano,비노 노빌레 디 몬테풀차노,Vino Nobile di Montepulciano,,
이탈리아,Italy,토스카나,Tuscany,마렘마,Maremma,볼게리,Bolgheri,구아도 알 타소,Guado al Tasso
이탈리아,Italy,토스카나,Tuscany,마렘마,Maremma,볼게리,Bolgheri,마세토,Masseto
이탈리아,Italy,토스카나,Tuscany,마렘마,Maremma,볼게리,Bolgheri,오르넬라이아,Ornellaia
이탈리아,Italy,토스카나,Tuscany,마렘마,Maremma,볼게리,Bolgheri,사시카이아,Sassicaia
이탈리아,Italy,토스카나,Tuscany,마렘마,Maremma,볼게리,Bolgheri,테누타 산 귀도,Tenuta San Guido
이탈리아,Italy,토스카나,Tuscany,마렘마,Maremma,볼게리,Bolgheri,테누타 델 오르넬라이아,Tenuta dell'Ornellaia
이탈리아,Italy,토스카나,Tuscany,마렘마,Maremma,모렐리노 디 스칸사노,Morellino di Scansano,,
이탈리아,Italy,토스카나,Tuscany,산 지미냐노,San Gimignano,베르나차 디 산 지미냐노,Vernaccia di San Gimignano,,
이탈리아,Italy,토스카나,Tuscany,카르미냐노,Carmignano,카르미냐노,Carmignano,,
이탈리아,Italy,베네토,Veneto,발폴리첼라,Valpolicella,아마로네 델라 발폴리첼라,Amarone della Valpolicella,주세페 퀸타렐리,Giuseppe Quintarelli
이탈리아,Italy,베네토,Veneto,발폴리첼라,Valpolicella,아마로네 델라 발폴리첼라,Amarone della Valpolicella,로마노 달 포르노,Romano Dal Forno
이탈리아,Italy,베네토,Veneto,발폴리첼라,Valpolicella,발폴리첼라,Valpolicella,알레그리니,Allegrini
이탈리아,Italy,베네토,Veneto,발폴리첼라,Valpolicella,발폴리첼라,Valpolicella,베르타니,Bertani
이탈리아,Italy,베네토,Veneto,발폴리첼라,Valpolicella,발폴리첼라,Valpolicella,볼라,Bolla
이탈리아,Italy,베네토,Veneto,발폴리첼라,Valpolicella,발폴리첼라,Valpolicella,마시,Masi
이탈리아,Italy,베네토,Veneto,발폴리첼라,Valpolicella,발폴리첼라,Valpolicella,토마시,Tommasi
이탈리아,Italy,베네토,Veneto,발폴리첼라,Valpolicella,발폴리첼라,Valpolicella,제나토,Zenato
이탈리아,Italy,베네토,Veneto,소아베,Soave,소아베,Soave,,
이탈리아,Italy,베네토,Veneto,바르돌리노,Bardolino,바르돌리노,Bardolino,,
이탈리아,Italy,베네토,Veneto,프로세코,Prosecco,코넬리아노 발도비아데네,Conegliano Valdobbiadene,,
이탈리아,Italy,베네토,Veneto,프로세코,Prosecco,프로세코,Prosecco,,
이탈리아,Italy,베네토,Veneto,콜리 에우가네이,Colli Euganei,콜리 에우가네이,Colli Euganei,,
이탈리아,Italy,프리울리 베네치아 줄리아,Friuli-Venezia Giulia,콜리오,Collio,콜리오,Collio,그라브너,Gravner
이탈리아,Italy,프리울리 베네치아 줄리아,Friuli-Venezia Giulia,콜리오,Collio,콜리오,Collio,예르만,Jermann
이탈리아,Italy,프리울리 베네치아 줄리아,Friuli-Venezia Giulia,콜리오,Collio,콜리오,Collio,라디콘,Radikon
이탈리아,Italy,프리울리 베네치아 줄리아,Friuli-Venezia Giulia,콜리 오리엔탈리,Colli Orientali,콜리 오리엔탈리 델 프리울리,Colli Orientali del Friuli,리비오 펠루가,Livio Felluga
이탈리아,Italy,프리울리 베네치아 줄리아,Friuli-Venezia Giulia,이손초,Isonzo,프리울리 이손초,Friuli Isonzo,,
이탈리아,Italy,트렌티노 알토 아디제,Trentino-Alto Adige,알토 아디제,Alto Adige,알토 아디제,Alto Adige,알로이스 라게더,Alois Lageder
이탈리아,Italy,트렌티노 알토 아디제,Trentino-Alto Adige,알토 아디제,Alto Adige,알토 아디제,Alto Adige,엘레나 발흐,Elena Walch
이탈리아,Italy,트렌티노 알토 아디제,Trentino-Alto Adige,트렌티노,Trentino,트렌티노,Trentino,페라리,Ferrari
이탈리아,Italy,롬바르디아,Lombardy,프란차코르타,Franciacorta,프란차코르타,Franciacorta,벨라비스타,Bellavista
이탈리아,Italy,롬바르디아,Lombardy,프란차코르타,Franciacorta,프란차코르타,Franciacorta,카 델 보스코,Ca' del Bosco
이탈리아,Italy,롬바르디아,Lombardy,발텔리나,Valtellina,발텔리나,Valtellina,,
이탈리아,Italy,롬바르디아,Lombardy,올트레포 파베제,Oltrepo Pavese,올트레포 파베제,Oltrepo Pavese,,
이탈리아,Italy,에밀리아 로마냐,Emilia-Romagna,람브루스코,Lambrusco,람브루스코 디 소르바라,Lambrusco di Sorbara,,
이탈리아,Italy,에밀리아 로마냐,Emilia-Romagna,로마냐,Romagna,로마냐,Romagna,,
이탈리아,Italy,마르케,Marche,베르디키오,Verdicchio,베르디키오 데이 카스텔리 디 예지,Verdicchio dei Castelli di Jesi,,
이탈리아,Italy,마르케,Marche,베르디키오,Verdicchio,베르디키오 디 마텔리카,Verdicchio di Matelica,,
이탈리아,Italy,마르케,Marche,코네로,Conero,로소 코네로,Rosso Conero,,
이탈리아,Italy,마르케,Marche,피체노,Piceno,로소 피체노,Rosso Piceno,,
이탈리아,Italy,움브리아,Umbria,몬테팔코,Montefalco,몬테팔코,Montefalco,,
이탈리아,Italy,움브리아,Umbria,오르비에토,Orvieto,오르비에토,Orvieto,,
이탈리아,Italy,움브리아,Umbria,토르자노,Torgiano,토르자노,Torgiano,,
이탈리아,Italy,아브루초,Abruzzo,아브루초,Abruzzo,몬테풀차노 다브루초,Montepulciano d'Abruzzo,,
이탈리아,Italy,아브루초,Abruzzo,아브루초,Abruzzo,트레비아노 다브루초,Trebbiano d'Abruzzo,,
이탈리아,Italy,라치오,Lazio,프라스카티,Frascati,프라스카티,Frascati,,
이탈리아,Italy,캄파니아,Campania,이르피니아,Irpinia,타우라시,Taurasi,페우디 디 산 그레고리오,Feudi di San Gregorio
이탈리아,Italy,캄파니아,Campania,이르피니아,Irpinia,타우라시,Taurasi,마스트로베라르디노,Mastroberardino
이탈리아,Italy,캄파니아,Campania,이르피니아,Irpinia,그레코 디 투포,Greco di Tufo,,
이탈리아,Italy,캄파니아,Campania,이르피니아,Irpinia,피아노 디 아벨리노,Fiano di Avellino,,
이탈리아,Italy,캄파니아,Campania,산니오,Sannio,산니오,Sannio,,
이탈리아,Italy,캄파니아,Campania,베수비오,Vesuvio,베수비오,Vesuvio,,
이탈리아,Italy,풀리아,Puglia,살렌토,Salento,만두리아,Manduria,,
이탈리아,Italy,풀리아,Puglia,살렌토,Salento,살렌토,Salento,,
이탈리아,Italy,풀리아,Puglia,카스텔 델 몬테,Castel del Monte,카스텔 델 몬테,Castel del Monte,,
이탈리아,Italy,바실리카타,Basilicata,불투레,Vulture,알리아니코 델 불투레,Aglianico del Vulture,,
이탈리아,Italy,칼라브리아,Calabria,치로,Ciro,치로,Ciro,,
이탈리아,Italy,시칠리아,Sicily,에트나,Etna,에트나,Etna,파소피시아로,Passopisciaro
이탈리아,Italy,시칠리아,Sicily,에트나,Etna,에트나,Etna,타스카 달메리타,Tasca d'Almerita
이탈리아,Italy,시칠리아,Sicily,비토리아,Vittoria,체라수올로 디 비토리아,Cerasuolo di Vittoria,,
이탈리아,Italy,시칠리아,Sicily,마르살라,Marsala,마르살라,Marsala,돈나푸가타,Donnafugata
이탈리아,Italy,시칠리아,Sicily,판텔레리아,Pantelleria,판텔레리아,Pantelleria,,
이탈리아,Italy,시칠리아,Sicily,멘피,Menfi,멘피,Menfi,플라네타,Planeta
이탈리아,Italy,사르데냐,Sardinia,갈루라,Gallura,갈루라,Gallura,,
이탈리아,Italy,사르데냐,Sardinia,술치스,Sulcis,술치스,Sulcis,아르지올라스,Argiolas
이탈리아,Italy,리구리아,Liguria,친퀘 테레,Cinque Terre,친퀘 테레,Cinque Terre,,
이탈리아,Italy,리구리아,Liguria,리비에라 디 포넨테,Riviera di Ponente,리비에라 디 포넨테,Riviera di Ponente,,
스페인,Spain,리오하,Rioja,리오하,Rioja,리오하 알타,Rioja Alta,쿠네,CVNE
스페인,Spain,리오하,Rioja,리오하,Rioja,리오하 알타,Rioja Alta,라 리오하 알타,La Rioja Alta
스페인,Spain,리오하,Rioja,리오하,Rioja,리오하 알타,Rioja Alta,로페스 데 에레디아,Lopez de Heredia
스페인,Spain,리오하,Rioja,리오하,Rioja,리오하 알타,Rioja Alta,마르케스 데 무리에타,Marques de Murrieta
스페인,Spain,리오하,Rioja,리오하,Rioja,리오하 알타,Rioja Alta,무가,Muga
스페인,Spain,리오하,Rioja,리오하,Rioja,리오하 알타,Rioja Alta,로다,Roda
스페인,Spain,리오하,Rioja,리오하,Rioja,리오하 알타,Rioja Alta,톤도니아,Tondonia
스페인,Spain,리오하,Rioja,리오하,Rioja,리오하 알라베사,Rioja Alavesa,아르타디,Artadi
스페인,Spain,리오하,Rioja,리오하,Rioja,리오하 알라베사,Rioja Alavesa,콘티노,Contino
스페인,Spain,리오하,Rioja,리오하,Rioja,리오하 알라베사,Rioja Alavesa,마르케스 데 리스칼,Marques de Riscal
스페인,Spain,리오하,Rioja,리오하,Rioja,리오하 알라베사,Rioja Alavesa,레미레스 데 가누사,Remirez de Ganuza
스페인,Spain,카스티야 이 레온,Castilla y Leon,두에로,Duero,리베라 델 두에로,Ribera del Duero,알토,Aalto
스페인,Spain,카스티야 이 레온,Castilla y Leon,두에로,Duero,리베라 델 두에로,Ribera del Duero,도미니오 데 핑구스,Dominio de Pingus
스페인,Spain,카스티야 이 레온,Castilla y Leon,두에로,Duero,리베라 델 두에로,Ribera del Duero,에밀리오 모로,Emilio Moro
스페인,Spain,카스티야 이 레온,Castilla y Leon,두에로,Duero,리베라 델 두에로,Ribera del Duero,페스케라,Pesquera
스페인,Spain,카스티야 이 레온,Castilla y Leon,두에로,Duero,리베라 델 두에로,Ribera del Duero,핑구스,Pingus
스페인,Spain,카스티야 이 레온,Castilla y Leon,두에로,Duero,리베라 델 두에로,Ribera del Duero,우니코,Unico
스페인,Spain,카스티야 이 레온,Castilla y Leon,두에로,Duero,리베라 델 두에로,Ribera del Duero,베가 시실리아,Vega Sicilia
스페인,Spain,카스티야 이 레온,Castilla y Leon,두에로,Duero,토로,Toro,누만시아,Numanthia
스페인,Spain,카스티야 이 레온,Castilla y Leon,두에로,Duero,루에다,Rueda,,
스페인,Spain,카스티야 이 레온,Castilla y Leon,비에르소,Bierzo,비에르소,Bierzo,,
스페인,Spain,카탈루냐,Catalonia,프리오라트,Priorat,프리오라트,Priorat,알바로 팔라시오스,Alvaro Palacios
스페인,Spain,카탈루냐,Catalonia,프리오라트,Priorat,프리오라트,Priorat,클로스 모가도르,Clos Mogador
스페인,Spain,카탈루냐,Catalonia,프리오라트,Priorat,프리오라트,Priorat,레르미타,L'Ermita
스페인,Spain,카탈루냐,Catalonia,프리오라트,Priorat,몬산트,Montsant,,
스페인,Spain,카탈루냐,Catalonia,페네데스,Penedes,페네데스,Penedes,미겔 토레스,Miguel Torres
스페인,Spain,카탈루냐,Catalonia,페네데스,Penedes,페네데스,Penedes,토레스,Torres
스페인,Spain,카탈루냐,Catalonia,페네데스,Penedes,카바,Cava,코도르니우,Codorniu
스페인,Spain,카탈루냐,Catalonia,페네데스,Penedes,카바,Cava,프레이세넷,Freixenet
스페인,Spain,카탈루냐,Catalonia,페네데스,Penedes,카바,Cava,그라모나,Gramona
스페인,Spain,카탈루냐,Catalonia,페네데스,Penedes,카바,Cava,레카레도,Recaredo
스페인,Spain,갈리시아,Galicia,리아스 바이샤스,Rias Baixas,리아스 바이샤스,Rias Baixas,,
스페인,Spain,갈리시아,Galicia,발데오라스,Valdeorras,발데오라스,Valdeorras,,
스페인,Spain,나바라,Navarra,나바라,Navarra,나바라,Navarra,,
스페인,Spain,아라곤,Aragon,아라곤,Aragon,칼라타유드,Calatayud,,
스페인,Spain,아라곤,Aragon,아라곤,Aragon,캄포 데 보르하,Campo de Borja,,
스페인,Spain,안달루시아,Andalusia,헤레스,Jerez,헤레스,Jerez,바르바디요,Barbadillo
스페인,Spain,안달루시아,Andalusia,헤레스,Jerez,헤레스,Jerez,곤잘레스 비아스,Gonzalez Byass
스페인,Spain,안달루시아,Andalusia,헤레스,Jerez,헤레스,Jerez,루스타우,Lustau
스페인,Spain,안달루시아,Andalusia,헤레스,Jerez,헤레스,Jerez,오스본,Osborne
스페인,Spain,안달루시아,Andalusia,헤레스,Jerez,헤레스,Jerez,티오 페페,Tio Pepe
스페인,Spain,레반테,Levante,레반테,Levante,후미야,Jumilla,,
포르투갈,Portugal,도루,Douro,도루,Douro,포르투,Porto,다우스,Dow's
포르투갈,Portugal,도루,Douro,도루,Douro,포르투,Porto,폰세카,Fonseca
포르투갈,Portugal,도루,Douro,도루,Douro,포르투,Porto,그라함스,Graham's
포르투갈,Portugal,도루,Douro,도루,Douro,포르투,Porto,니포르트,Niepoort
포르투갈,Portugal,도루,Douro,도루,Douro,포르투,Porto,퀸타 두 노발,Quinta do Noval
포르투갈,Portugal,도루,Douro,도루,Douro,포르투,Porto,하무스 핀투,Ramos Pinto
포르투갈,Portugal,도루,Douro,도루,Douro,포르투,Porto,테일러스,Taylor's
포르투갈,Portugal,도루,Douro,도루,Douro,포르투,Porto,워레스,Warre's
포르투갈,Portugal,도루,Douro,도루,Douro,도루,Douro,바르카 벨랴,Barca Velha
포르투갈,Portugal,도루,Douro,도루,Douro,도루,Douro,퀸타 두 크라스투,Quinta do Crasto
포르투갈,Portugal,미뉴,Minho,비뉴 베르드,Vinho Verde,비뉴 베르드,Vinho Verde,,
포르투갈,Portugal,베이라스,Beiras,당,Dao,당,Dao,,
포르투갈,Portugal,베이라스,Beiras,바이하다,Bairrada,바이하다,Bairrada,,
포르투갈,Portugal,알렌테주,Alentejo,알렌테주,Alentejo,알렌테주,Alentejo,,
포르투갈,Portugal,마데이라,Madeira,마데이라,Madeira,마데이라,Madeira,블랜디스,Blandy's
포르투갈,Portugal,세투발,Setubal,세투발,Setubal,세투발,Setubal,,
독일,Germany,모젤,Mosel,모젤,Mosel,모젤,Mosel,닥터 루젠,Dr. Loosen
독일,Germany,모젤,Mosel,모젤,Mosel,모젤,Mosel,에곤 뮐러,Egon Muller
독일,Germany,모젤,Mosel,모젤,Mosel,모젤,Mosel,프리츠 하그,Fritz Haag
독일,Germany,모젤,Mosel,모젤,Mosel,모젤,Mosel,제이제이 프륌,J.J. Prum
독일,Germany,모젤,Mosel,모젤,Mosel,모젤,Mosel,요한 요제프 프륌,Joh. Jos. Prum
독일,Germany,모젤,Mosel,모젤,Mosel,모젤,Mosel,마르쿠스 몰리토어,Markus Molitor
독일,Germany,모젤,Mosel,모젤,Mosel,모젤,Mosel,젤바흐 오스터,Selbach-Oster
독일,Germany,모젤,Mosel,모젤,Mosel,모젤,Mosel,빌리 셰퍼,Willi Schaefer
독일,Germany,라인가우,Rheingau,라인가우,Rheingau,라인가우,Rheingau,게오르크 브로이어,Georg Breuer
독일,Germany,라인가우,Rheingau,라인가우,Rheingau,라인가우,Rheingau,로베르트 바일,Robert Weil
독일,Germany,라인가우,Rheingau,라인가우,Rheingau,라인가우,Rheingau,슐로스 요하니스베르크,Schloss Johannisberg
독일,Germany,라인헤센,Rheinhessen,라인헤센,Rheinhessen,라인헤센,Rheinhessen,군더로흐,Gunderloch
독일,Germany,라인헤센,Rheinhessen,라인헤센,Rheinhessen,라인헤센,Rheinhessen,켈러,Keller
독일,Germany,라인헤센,Rheinhessen,라인헤센,Rheinhessen,라인헤센,Rheinhessen,비트만,Wittmann
독일,Germany,팔츠,Pfalz,팔츠,Pfalz,팔츠,Pfalz,닥터 뷔르클린 볼프,Dr. Burklin-Wolf
독일,Germany,팔츠,Pfalz,팔츠,Pfalz,팔츠,Pfalz,뮐러 카토아,Muller-Catoir
독일,Germany,나에,Nahe,나에,Nahe,나에,Nahe,,
독일,Germany,바덴,Baden,바덴,Baden,바덴,Baden,베른하르트 후버,Bernhard Huber
독일,Germany,프랑켄,Franken,프랑켄,Franken,프랑켄,Franken,,
독일,Germany,아르,Ahr,아르,Ahr,아르,Ahr,,
오스트리아,Austria,니더외스터라이히,Niederosterreich,바하우,Wachau,바하우,Wachau,알칭거,Alzinger
오스트리아,Austria,니더외스터라이히,Niederosterreich,바하우,Wachau,바하우,Wachau,에메리히 크놀,Emmerich Knoll
오스트리아,Austria,니더외스터라이히,Niederosterreich,바하우,Wachau,바하우,Wachau,에프엑스 피클러,F.X. Pichler
오스트리아,Austria,니더외스터라이히,Niederosterreich,바하우,Wachau,바하우,Wachau,히르츠베르거,Hirtzberger
오스트리아,Austria,니더외스터라이히,Niederosterreich,바하우,Wachau,바하우,Wachau,니콜라이호프,Nikolaihof
오스트리아,Austria,니더외스터라이히,Niederosterreich,바하우,Wachau,바하우,Wachau,프라거,Prager
오스트리아,Austria,니더외스터라이히,Niederosterreich,캄프탈,Kamptal,캄프탈,Kamptal,브륀들마이어,Brundlmayer
오스트리아,Austria,니더외스터라이히,Niederosterreich,크렘스탈,Kremstal,크렘스탈,Kremstal,,
오스트리아,Austria,니더외스터라이히,Niederosterreich,바인피어텔,Weinviertel,바인피어텔,Weinviertel,,
오스트리아,Austria,부르겐란트,Burgenland,부르겐란트,Burgenland,부르겐란트,Burgenland,,
미국,USA,캘리포니아,California,나파 밸리,Napa Valley,나파 밸리,Napa Valley,베린저,Beringer
미국,USA,캘리포니아,California,나파 밸리,Napa Valley,나파 밸리,Napa Valley,브라이언트 패밀리,Bryant Family
미국,USA,캘리포니아,California,나파 밸리,Napa Valley,나파 밸리,Napa Valley,콜긴,Colgin
미국,USA,캘리포니아,California,나파 밸리,Napa Valley,나파 밸리,Napa Valley,콘티뉴엄,Continuum
미국,USA,캘리포니아,California,나파 밸리,Napa Valley,나파 밸리,Napa Valley,도미누스 에스테이트,Dominus Estate
미국,USA,캘리포니아,California,나파 밸리,Napa Valley,나파 밸리,Napa Valley,덕혼,Duckhorn
미국,USA,캘리포니아,California,나파 밸리,Napa Valley,나파 밸리,Napa Valley,하이츠 셀러,Heitz Cellar
미국,USA,캘리포니아,California,나파 밸리,Napa Valley,나파 밸리,Napa Valley,인시그니아,Insignia
미국,USA,캘리포니아,California,나파 밸리,Napa Valley,나파 밸리,Napa Valley,조셉 펠프스,Joseph Phelps
미국,USA,캘리포니아,California,나파 밸리,Napa Valley,나파 밸리,Napa Valley,롬바우어,Rombauer
미국,USA,캘리포니아,California,나파 밸리,Napa Valley,나파 밸리,Napa Valley,스포츠우드,Spottswoode
미국,USA,캘리포니아,California,나파 밸리,Napa Valley,오크빌,Oakville,파 니엔테,Far Niente
미국,USA,캘리포니아,California,나파 밸리,Napa Valley,오크빌,Oakville,할란 에스테이트,Harlan Estate
미국,USA,캘리포니아,California,나파 밸리,Napa Valley,오크빌,Oakville,오퍼스 원,Opus One
미국,USA,캘리포니아,California,나파 밸리,Napa Valley,오크빌,Oakville,로버트 몬다비,Robert Mondavi
미국,USA,캘리포니아,California,나파 밸리,Napa Valley,오크빌,Oakville,스크리밍 이글,Screaming Eagle
미국,USA,캘리포니아,California,나파 밸리,Napa Valley,러더퍼드,Rutherford,케이크브레드 셀러,Cakebread Cellars
미국,USA,캘리포니아,California,나파 밸리,Napa Valley,러더퍼드,Rutherford,케이머스,Caymus
미국,USA,캘리포니아,California,나파 밸리,Napa Valley,러더퍼드,Rutherford,케이머스 빈야드,Caymus Vineyards
미국,USA,캘리포니아,California,나파 밸리,Napa Valley,러더퍼드,Rutherford,스케어크로,Scarecrow
미국,USA,캘리포니아,California,나파 밸리,Napa Valley,스택스 립 디스트릭트,Stags Leap District,셰이퍼 빈야드,Shafer Vineyards
미국,USA,캘리포니아,California,나파 밸리,Napa Valley,스택스 립 디스트릭트,Stags Leap District,스택스 립,Stag's Leap
미국,USA,캘리포니아,California,나파 밸리,Napa Valley,스택스 립 디스트릭트,Stags Leap District,스택스 립 와인 셀러,Stag's Leap Wine Cellars
미국,USA,캘리포니아,California,나파 밸리,Napa Valley,하웰 마운틴,Howell Mountain,,
미국,USA,캘리포니아,California,나파 밸리,Napa Valley,스프링 마운틴,Spring Mountain,뉴튼 빈야드,Newton Vineyard
미국,USA,캘리포니아,California,나파 밸리,Napa Valley,다이아몬드 마운틴,Diamond Mountain,다이아몬드 크릭,Diamond Creek
미국,USA,캘리포니아,California,나파 밸리,Napa Valley,카네로스,Carneros,,
미국,USA,캘리포니아,California,나파 밸리,Napa Valley,칼리스토가,Calistoga,샤토 몬텔레나,Chateau Montelena
미국,USA,캘리포니아,California,나파 밸리,Napa Valley,욘트빌,Yountville,,
미국,USA,캘리포니아,California,나파 밸리,Napa Valley,마운트 비더,Mount Veeder,,
미국,USA,캘리포니아,California,소노마,Sonoma,러시안 리버 밸리,Russian River Valley,키슬러,Kistler
미국,USA,캘리포니아,California,소노마,Sonoma,러시안 리버 밸리,Russian River Valley,로키올리,Rochioli
미국,USA,캘리포니아,California,소노마,Sonoma,러시안 리버 밸리,Russian River Valley,소노마 커트러,Sonoma-Cutrer
미국,USA,캘리포니아,California,소노마,Sonoma,러시안 리버 밸리,Russian River Valley,윌리엄스 셀렘,Williams Selyem
미국,USA,캘리포니아,California,소노마,Sonoma,알렉산더 밸리,Alexander Valley,실버 오크,Silver Oak
미국,USA,캘리포니아,California,소노마,Sonoma,드라이 크릭 밸리,Dry Creek Valley,,
미국,USA,캘리포니아,California,소노마,Sonoma,소노마 코스트,Sonoma Coast,오베르,Aubert
미국,USA,캘리포니아,California,소노마,Sonoma,소노마 코스트,Sonoma Coast,샤토 세인트 진,Chateau St. Jean
미국,USA,캘리포니아,California,소노마,Sonoma,소노마 코스트,Sonoma Coast,리토라이,Littorai
미국,USA,캘리포니아,California,소노마,Sonoma,소노마 코스트,Sonoma Coast,마카신,Marcassin
미국,USA,캘리포니아,California,소노마,Sonoma,나이츠 밸리,Knights Valley,피터 마이클,Peter Michael
미국,USA,캘리포니아,California,센트럴 코스트,Central Coast,파소 로블스,Paso Robles,,
미국,USA,캘리포니아,California,센트럴 코스트,Central Coast,산타 바바라,Santa Barbara,오 봉 클리마,Au Bon Climat
미국,USA,캘리포니아,California,센트럴 코스트,Central Coast,산타 리타 힐스,Santa Rita Hills,시 스모크,Sea Smoke
미국,USA,캘리포니아,California,센트럴 코스트,Central Coast,몬터레이,Monterey,,
미국,USA,캘리포니아,California,센트럴 코스트,Central Coast,산타 루시아 하이랜즈,Santa Lucia Highlands,,
미국,USA,캘리포니아,California,시에라 풋힐스,Sierra Foothills,시에라 풋힐스,Sierra Foothills,,
미국,USA,캘리포니아,California,센트럴 밸리,Central Valley,로다이,Lodi,,
미국,USA,오리건,Oregon,윌라메트 밸리,Willamette Valley,윌라메트 밸리,Willamette Valley,보 프레르,Beaux Freres
미국,USA,오리건,Oregon,윌라메트 밸리,Willamette Valley,던디 힐스,Dundee Hills,도멘 드루앙 오리건,Domaine Drouhin Oregon
미국,USA,오리건,Oregon,윌라메트 밸리,Willamette Valley,던디 힐스,Dundee Hills,도멘 세렌,Domaine Serene
미국,USA,오리건,Oregon,서던 오리건,Southern Oregon,로그 밸리,Rogue Valley,,
미국,USA,워싱턴,Washington,컬럼비아 밸리,Columbia Valley,컬럼비아 밸리,Columbia Valley,샤토 생 미셸,Chateau Ste. Michelle
미국,USA,워싱턴,Washington,컬럼비아 밸리,Columbia Valley,컬럼비아 밸리,Columbia Valley,에로이카,Eroica
미국,USA,워싱턴,Washington,컬럼비아 밸리,Columbia Valley,컬럼비아 밸리,Columbia Valley,퀼세다 크릭,Quilceda Creek
미국,USA,워싱턴,Washington,컬럼비아 밸리,Columbia Valley,왈라 왈라 밸리,Walla Walla Valley,케이유즈,Cayuse
미국,USA,워싱턴,Washington,컬럼비아 밸리,Columbia Valley,왈라 왈라 밸리,Walla Walla Valley,레오네티 셀러,Leonetti Cellar
미국,USA,워싱턴,Washington,컬럼비아 밸리,Columbia Valley,레드 마운틴,Red Mountain,,
미국,USA,워싱턴,Washington,컬럼비아 밸리,Columbia Valley,야키마 밸리,Yakima Valley,,
미국,USA,뉴욕,New York,핑거 레이크스,Finger Lakes,핑거 레이크스,Finger Lakes,,
미국,USA,뉴욕,New York,롱 아일랜드,Long Island,롱 아일랜드,Long Island,,
아르헨티나,Argentina,멘도사,Mendoza,멘도사,Mendoza,우코 밸리,Uco Valley,살렌테인,Salentein
아르헨티나,Argentina,멘도사,Mendoza,멘도사,Mendoza,우코 밸리,Uco Valley,수카르디,Zuccardi
아르헨티나,Argentina,멘도사,Mendoza,멘도사,Mendoza,멘도사,Mendoza,아차발 페레르,Achaval-Ferrer
아르헨티나,Argentina,멘도사,Mendoza,멘도사,Mendoza,멘도사,Mendoza,카테나,Catena
아르헨티나,Argentina,멘도사,Mendoza,멘도사,Mendoza,멘도사,Mendoza,카테나 사파타,Catena Zapata
아르헨티나,Argentina,멘도사,Mendoza,멘도사,Mendoza,멘도사,Mendoza,슈발 데 안데스,Cheval des Andes
아르헨티나,Argentina,멘도사,Mendoza,멘도사,Mendoza,멘도사,Mendoza,노턴,Norton
아르헨티나,Argentina,멘도사,Mendoza,멘도사,Mendoza,멘도사,Mendoza,테라자스 데 로스 안데스,Terrazas de los Andes
아르헨티나,Argentina,멘도사,Mendoza,멘도사,Mendoza,멘도사,Mendoza,트라피체,Trapiche
아르헨티나,Argentina,살타,Salta,살타,Salta,살타,Salta,보데가 콜로메,Bodega Colome
칠레,Chile,센트럴 밸리,Central Valley,마이포,Maipo,마이포 밸리,Maipo Valley,알마비바,Almaviva
칠레,Chile,센트럴 밸리,Central Valley,마이포,Maipo,마이포 밸리,Maipo Valley,콘차 이 토로,Concha y Toro
칠레,Chile,센트럴 밸리,Central Valley,마이포,Maipo,마이포 밸리,Maipo Valley,쿠시뇨 마쿨,Cousino-Macul
칠레,Chile,센트럴 밸리,Central Valley,마이포,Maipo,마이포 밸리,Maipo Valley,데 마르티노,De Martino
칠레,Chile,센트럴 밸리,Central Valley,마이포,Maipo,마이포 밸리,Maipo Valley,돈 멜초르,Don Melchor
칠레,Chile,센트럴 밸리,Central Valley,마이포,Maipo,마이포 밸리,Maipo Valley,산타 리타,Santa Rita
칠레,Chile,센트럴 밸리,Central Valley,라펠,Rapel,콜차구아 밸리,Colchagua Valley,카사 라포스톨,Casa Lapostolle
칠레,Chile,센트럴 밸리,Central Valley,라펠,Rapel,콜차구아 밸리,Colchagua Valley,클로 아팔타,Clos Apalta
칠레,Chile,센트럴 밸리,Central Valley,라펠,Rapel,콜차구아 밸리,Colchagua Valley,코얌,Coyam
칠레,Chile,센트럴 밸리,Central Valley,라펠,Rapel,콜차구아 밸리,Colchagua Valley,에밀리아나,Emiliana
칠레,Chile,센트럴 밸리,Central Valley,라펠,Rapel,콜차구아 밸리,Colchagua Valley,로스 바스코스,Los Vascos
칠레,Chile,센트럴 밸리,Central Valley,라펠,Rapel,콜차구아 밸리,Colchagua Valley,몬테스,Montes
칠레,Chile,센트럴 밸리,Central Valley,라펠,Rapel,콜차구아 밸리,Colchagua Valley,몬테스 알파,Montes Alpha
칠레,Chile,센트럴 밸리,Central Valley,라펠,Rapel,라펠 밸리,Rapel Valley,,
칠레,Chile,센트럴 밸리,Central Valley,쿠리코,Curico,쿠리코 밸리,Curico Valley,,
칠레,Chile,아콩카과,Aconcagua,아콩카과,Aconcagua,카사블랑카 밸리,Casablanca Valley,베라몬테,Veramonte
칠레,Chile,아콩카과,Aconcagua,아콩카과,Aconcagua,아콩카과,Aconcagua,에라주리즈,Errazuriz
칠레,Chile,아콩카과,Aconcagua,아콩카과,Aconcagua,아콩카과,Aconcagua,세냐,Sena
칠레,Chile,아콩카과,Aconcagua,아콩카과,Aconcagua,아콩카과,Aconcagua,비냐 에라주리즈,Vina Errazuriz
칠레,Chile,코킴보,Coquimbo,엘키,Elqui,엘키 밸리,Valle del Elqui,,
칠레,Chile,남부,Southern,이타타,Itata,이타타 밸리,Valle del Itata,,
호주,Australia,사우스 오스트레일리아,South Australia,바로사,Barossa,바로사 밸리,Barossa Valley,그랜지,Grange
호주,Australia,사우스 오스트레일리아,South Australia,바로사,Barossa,바로사 밸리,Barossa Valley,제이콥스 크릭,Jacob's Creek
호주,Australia,사우스 오스트레일리아,South Australia,바로사,Barossa,바로사 밸리,Barossa Valley,펜폴즈,Penfolds
호주,Australia,사우스 오스트레일리아,South Australia,바로사,Barossa,바로사 밸리,Barossa Valley,펜폴즈 그랜지,Penfolds Grange
호주,Australia,사우스 오스트레일리아,South Australia,바로사,Barossa,바로사 밸리,Barossa Valley,토브렉,Torbreck
호주,Australia,사우스 오스트레일리아,South Australia,바로사,Barossa,바로사 밸리,Barossa Valley,투 핸즈,Two Hands
호주,Australia,사우스 오스트레일리아,South Australia,바로사,Barossa,바로사 밸리,Barossa Valley,울프 블라스,Wolf Blass
호주,Australia,사우스 오스트레일리아,South Australia,바로사,Barossa,바로사 밸리,Barossa Valley,얄룸바,Yalumba
호주,Australia,사우스 오스트레일리아,South Australia,바로사,Barossa,에덴 밸리,Eden Valley,헨쉬케,Henschke
호주,Australia,사우스 오스트레일리아,South Australia,바로사,Barossa,에덴 밸리,Eden Valley,힐 오브 그레이스,Hill of Grace
호주,Australia,사우스 오스트레일리아,South Australia,플루리에,Fleurieu,맥라렌 베일,McLaren Vale,클라렌든 힐스,Clarendon Hills
호주,Australia,사우스 오스트레일리아,South Australia,플루리에,Fleurieu,맥라렌 베일,McLaren Vale,다렌버그,d'Arenberg
호주,Australia,사우스 오스트레일리아,South Australia,라임스톤 코스트,Limestone Coast,쿠나와라,Coonawarra,윈스,Wynns
호주,Australia,사우스 오스트레일리아,South Australia,마운트 로프티,Mount Lofty,클레어 밸리,Clare Valley,그로셋,Grosset
호주,Australia,사우스 오스트레일리아,South Australia,마운트 로프티,Mount Lofty,아델라이드 힐스,Adelaide Hills,,
호주,Australia,빅토리아,Victoria,포트 필립,Port Phillip,야라 밸리,Yarra Valley,마운트 메리,Mount Mary
호주,Australia,빅토리아,Victoria,포트 필립,Port Phillip,야라 밸리,Yarra Valley,야라 예링,Yarra Yering
호주,Australia,빅토리아,Victoria,센트럴 빅토리아,Central Victoria,히스코트,Heathcote,자콘다,Giaconda
호주,Australia,웨스턴 오스트레일리아,Western Australia,쉬드 우에스트,South West,마가렛 리버,Margaret River,컬렌 와인즈,Cullen Wines
호주,Australia,웨스턴 오스트레일리아,Western Australia,쉬드 우에스트,South West,마가렛 리버,Margaret River,리우윈 에스테이트,Leeuwin Estate
호주,Australia,웨스턴 오스트레일리아,Western Australia,쉬드 우에스트,South West,마가렛 리버,Margaret River,모스 우드,Moss Wood
호주,Australia,웨스턴 오스트레일리아,Western Australia,쉬드 우에스트,South West,마가렛 리버,Margaret River,바스 펠릭스,Vasse Felix
호주,Australia,뉴사우스웨일스,New South Wales,헌터,Hunter,헌터 밸리,Hunter Valley,,
뉴질랜드,New Zealand,남섬,South Island,말보로,Marlborough,말보로,Marlborough,클라우디 베이,Cloudy Bay
뉴질랜드,New Zealand,남섬,South Island,말보로,Marlborough,말보로,Marlborough,독 포인트,Dog Point
뉴질랜드,New Zealand,남섬,South Island,말보로,Marlborough,말보로,Marlborough,그레이웩,Greywacke
뉴질랜드,New Zealand,남섬,South Island,말보로,Marlborough,말보로,Marlborough,킴 크로포드,Kim Crawford
뉴질랜드,New Zealand,남섬,South Island,말보로,Marlborough,말보로,Marlborough,오이스터 베이,Oyster Bay
뉴질랜드,New Zealand,남섬,South Island,말보로,Marlborough,말보로,Marlborough,빌라 마리아,Villa Maria
뉴질랜드,New Zealand,남섬,South Island,센트럴 오타고,Central Otago,센트럴 오타고,Central Otago,펠튼 로드,Felton Road
뉴질랜드,New Zealand,북섬,North Island,호크스 베이,Hawke's Bay,호크스 베이,Hawke's Bay,크래기 레인지,Craggy Range
뉴질랜드,New Zealand,북섬,North Island,호크스 베이,Hawke's Bay,호크스 베이,Hawke's Bay,쿠뮤 리버,Kumeu River
뉴질랜드,New Zealand,북섬,North Island,호크스 베이,Hawke's Bay,호크스 베이,Hawke's Bay,테 마타,Te Mata
뉴질랜드,New Zealand,북섬,North Island,와이라라파,Wairarapa,마틴버러,Martinborough,아타 랑기,Ata Rangi
남아프리카공화국,South Africa,코스탈 리전,Coastal Region,스텔렌보스,Stellenbosch,스텔렌보스,Stellenbosch,카논콥,Kanonkop
남아프리카공화국,South Africa,코스탈 리전,Coastal Region,스텔렌보스,Stellenbosch,스텔렌보스,Stellenbosch,메르러스트,Meerlust
남아프리카공화국,South Africa,코스탈 리전,Coastal Region,스텔렌보스,Stellenbosch,스텔렌보스,Stellenbosch,루스텐버그,Rustenberg
남아프리카공화국,South Africa,코스탈 리전,Coastal Region,스텔렌보스,Stellenbosch,스텔렌보스,Stellenbosch,베르헬레헨,Vergelegen
남아프리카공화국,South Africa,코스탈 리전,Coastal Region,파를,Paarl,파를,Paarl,,
남아프리카공화국,South Africa,코스탈 리전,Coastal Region,스와트랜드,Swartland,스와트랜드,Swartland,부켄하우츠클루프,Boekenhoutskloof
남아프리카공화국,South Africa,코스탈 리전,Coastal Region,스와트랜드,Swartland,스와트랜드,Swartland,사디 패밀리,Sadie Family
남아프리카공화국,South Africa,코스탈 리전,Coastal Region,콘스탄시아,Constantia,콘스탄시아,Constantia,클라인 콘스탄시아,Klein Constantia
남아프리카공화국,South Africa,케이프 사우스 코스트,Cape South Coast,워커 베이,Walker Bay,헤멜 엔 아르드 밸리,Hemel-en-Aarde Valley,해밀턴 러셀,Hamilton Russell
